--
-- PostgreSQL database dump
--

-- Dumped from database version 12.12 (Ubuntu 12.12-0ubuntu0.20.04.1)
-- Dumped by pg_dump version 12.12 (Ubuntu 12.12-0ubuntu0.20.04.1)

SET statement_timeout = 0;
SET lock_timeout = 0;
SET idle_in_transaction_session_timeout = 0;
SET client_encoding = 'UTF8';
SET standard_conforming_strings = on;
SELECT pg_catalog.set_config('search_path', '', false);
SET check_function_bodies = false;
SET xmloption = content;
SET client_min_messages = warning;
SET row_security = off;

SET default_tablespace = '';

SET default_table_access_method = heap;

--
-- Name: auth_group; Type: TABLE; Schema: public; Owner: sfproa
--

CREATE TABLE public.auth_group (
    id integer NOT NULL,
    name character varying(150) NOT NULL
);


ALTER TABLE public.auth_group OWNER TO sfproa;

--
-- Name: auth_group_id_seq; Type: SEQUENCE; Schema: public; Owner: sfproa
--

ALTER TABLE public.auth_group ALTER COLUMN id ADD GENERATED BY DEFAULT AS IDENTITY (
    SEQUENCE NAME public.auth_group_id_seq
    START WITH 1
    INCREMENT BY 1
    NO MINVALUE
    NO MAXVALUE
    CACHE 1
);


--
-- Name: auth_group_permissions; Type: TABLE; Schema: public; Owner: sfproa
--

CREATE TABLE public.auth_group_permissions (
    id bigint NOT NULL,
    group_id integer NOT NULL,
    permission_id integer NOT NULL
);


ALTER TABLE public.auth_group_permissions OWNER TO sfproa;

--
-- Name: auth_group_permissions_id_seq; Type: SEQUENCE; Schema: public; Owner: sfproa
--

ALTER TABLE public.auth_group_permissions ALTER COLUMN id ADD GENERATED BY DEFAULT AS IDENTITY (
    SEQUENCE NAME public.auth_group_permissions_id_seq
    START WITH 1
    INCREMENT BY 1
    NO MINVALUE
    NO MAXVALUE
    CACHE 1
);


--
-- Name: auth_permission; Type: TABLE; Schema: public; Owner: sfproa
--

CREATE TABLE public.auth_permission (
    id integer NOT NULL,
    name character varying(255) NOT NULL,
    content_type_id integer NOT NULL,
    codename character varying(100) NOT NULL
);


ALTER TABLE public.auth_permission OWNER TO sfproa;

--
-- Name: auth_permission_id_seq; Type: SEQUENCE; Schema: public; Owner: sfproa
--

ALTER TABLE public.auth_permission ALTER COLUMN id ADD GENERATED BY DEFAULT AS IDENTITY (
    SEQUENCE NAME public.auth_permission_id_seq
    START WITH 1
    INCREMENT BY 1
    NO MINVALUE
    NO MAXVALUE
    CACHE 1
);


--
-- Name: authtoken_token; Type: TABLE; Schema: public; Owner: sfproa
--

CREATE TABLE public.authtoken_token (
    key character varying(40) NOT NULL,
    created timestamp with time zone NOT NULL,
    user_id bigint NOT NULL
);


ALTER TABLE public.authtoken_token OWNER TO sfproa;

--
-- Name: data_assuranceinvestment; Type: TABLE; Schema: public; Owner: sfproa
--

CREATE TABLE public.data_assuranceinvestment (
    id bigint NOT NULL,
    "advisorId" integer NOT NULL,
    "formId" integer NOT NULL,
    "AI_Term" character varying(500) NOT NULL,
    "AI_TermDetails" character varying(500) NOT NULL,
    "AI_PremiumType" integer NOT NULL,
    "AI_PremiumTypeDetails" character varying(500) NOT NULL,
    "AI_Strategy" integer NOT NULL,
    "AI_StrategyDetails" character varying(500) NOT NULL,
    "AI_ReturnRequired" integer NOT NULL,
    "AI_ReturnRequiredDetails" character varying(500) NOT NULL,
    "AI_RiskProfile" integer NOT NULL,
    "AI_RiskProfileDetails" character varying(500) NOT NULL,
    "AI_TRP_TotalNeed" character varying(500) NOT NULL,
    "AI_TRP_ExistingProvisions" character varying(500) NOT NULL,
    "AI_TRP_ExistingShortfallSurplus" character varying(500) NOT NULL,
    "AI_TRP_ExistingInvestments" character varying(500) NOT NULL,
    "AI_RA_TotalNeed" character varying(500) NOT NULL,
    "AI_RA_ExistingProvisions" character varying(500) NOT NULL,
    "AI_RA_ExistingShortfallSurplus" character varying(500) NOT NULL,
    "AI_RA_ExistingInvestments" character varying(500) NOT NULL,
    "AI_CR_TotalNeed" character varying(500) NOT NULL,
    "AI_CR_ExistingProvisions" character varying(500) NOT NULL,
    "AI_CR_ExistingShortfallSurplus" character varying(500) NOT NULL,
    "AI_CR_ExistingInvestments" character varying(500) NOT NULL,
    "AI_Other_TotalNeed" character varying(500) NOT NULL,
    "AI_Other_ExistingProvisions" character varying(500) NOT NULL,
    "AI_Other_ExistingShortfallSurplus" character varying(500) NOT NULL,
    "AI_FinancialSolutions" character varying(500) NOT NULL,
    "AI_AltS_1" character varying(500) NOT NULL,
    "AI_AltS_2" character varying(500) NOT NULL,
    "AI_AltS_3" character varying(500) NOT NULL,
    "AI_Pr_Provider" character varying(500) NOT NULL,
    "AI_Pr_PolicyNumber" character varying(500) NOT NULL,
    "AI_Pr_Name" character varying(500) NOT NULL,
    "AI_Pr_Premium" character varying(500) NOT NULL,
    "AI_Pr_PremiumFrequency" integer NOT NULL,
    "AI_Pr_Escalation" character varying(500) NOT NULL,
    "AI_Pr_EAC" character varying(500) NOT NULL,
    "AI_Pr_ContractingParty" character varying(500) NOT NULL,
    "AI_Pr_LivesAssured" character varying(500) NOT NULL,
    "AI_Pr_Beneficiary" character varying(500) NOT NULL,
    "AI_Pr_IniC" character varying(500) NOT NULL,
    "AI_Pr_IniC_Percentage" character varying(500) NOT NULL,
    "AI_Pr_OnC" character varying(500) NOT NULL,
    "AI_Pr_OnC_Percentage" character varying(500) NOT NULL,
    "AI_Portfolio" character varying(500) NOT NULL,
    "AI_PF_1" character varying(500) NOT NULL,
    "AI_PF_Percentage1" character varying(500) NOT NULL,
    "AI_PF_Provided1" boolean NOT NULL,
    "AI_PF_Discussed1" boolean NOT NULL,
    "AI_PF_2" character varying(500) NOT NULL,
    "AI_PF_Percentage2" character varying(500) NOT NULL,
    "AI_PF_Provided2" boolean NOT NULL,
    "AI_PF_Discussed2" boolean NOT NULL,
    "AI_PF_3" character varying(500) NOT NULL,
    "AI_PF_Percentage3" character varying(500) NOT NULL,
    "AI_PF_Provided3" boolean NOT NULL,
    "AI_PF_Discussed3" boolean NOT NULL,
    "AI_PF_4" character varying(500) NOT NULL,
    "AI_PF_Percentage4" character varying(500) NOT NULL,
    "AI_PF_Provided4" boolean NOT NULL,
    "AI_PF_Discussed4" boolean NOT NULL,
    "AI_PF_5" character varying(500) NOT NULL,
    "AI_PF_Percentage5" character varying(500) NOT NULL,
    "AI_PF_Provided5" boolean NOT NULL,
    "AI_PF_Discussed5" boolean NOT NULL,
    "AI_PF_6" character varying(500) NOT NULL,
    "AI_PF_Percentage6" character varying(500) NOT NULL,
    "AI_PF_Provided6" boolean NOT NULL,
    "AI_PF_Discussed6" boolean NOT NULL,
    "AI_PF_7" character varying(500) NOT NULL,
    "AI_PF_Percentage7" character varying(500) NOT NULL,
    "AI_PF_Provided7" boolean NOT NULL,
    "AI_PF_Discussed7" boolean NOT NULL,
    "AI_PF_Reasons" character varying(500) NOT NULL,
    "AI_PF_MaterialAspects" character varying(500) NOT NULL,
    "AI_PF_Pr_Details" character varying(500) NOT NULL,
    "AI_PF_NominationOfBeneficiaries" character varying(500) NOT NULL,
    status integer NOT NULL,
    created_at timestamp with time zone NOT NULL,
    updated_at timestamp with time zone NOT NULL,
    "AI_Pr_PremiumPayer" character varying(500) NOT NULL,
    "AI_Other_ExistingInvestments" character varying(500) NOT NULL,
    "AI_SourceOfFunds" character varying(500) NOT NULL,
    "AI_SourceOfFundsDetail" character varying(500) NOT NULL,
    "AI_Other" character varying(500) NOT NULL
);


ALTER TABLE public.data_assuranceinvestment OWNER TO sfproa;

--
-- Name: data_assuranceinvestment_id_seq; Type: SEQUENCE; Schema: public; Owner: sfproa
--

ALTER TABLE public.data_assuranceinvestment ALTER COLUMN id ADD GENERATED BY DEFAULT AS IDENTITY (
    SEQUENCE NAME public.data_assuranceinvestment_id_seq
    START WITH 1
    INCREMENT BY 1
    NO MINVALUE
    NO MAXVALUE
    CACHE 1
);


--
-- Name: data_assurancerisk; Type: TABLE; Schema: public; Owner: sfproa
--

CREATE TABLE public.data_assurancerisk (
    id bigint NOT NULL,
    "advisorId" integer NOT NULL,
    "formId" integer NOT NULL,
    "AR_BusinessTradeName" character varying(500) NOT NULL,
    "AR_BusinessRegisteredName" character varying(500) NOT NULL,
    "AR_BusinessAuthorisedPersons" character varying(500) NOT NULL,
    "AR_BusinessFinancialAdvisor" character varying(500) NOT NULL,
    "AR_BusinessAddress" character varying(500) NOT NULL,
    "AR_BusinessEmail" character varying(500) NOT NULL,
    "AR_BusinessPhoneNumber" character varying(500) NOT NULL,
    "AR_BusinessDate" character varying(500) NOT NULL,
    "AR_ComDisc_AuthorizedPerson" integer NOT NULL,
    "AR_ComDisc_AuthorizedPersonDetail" character varying(500) NOT NULL,
    "AR_ComDisc_Authority" integer NOT NULL,
    "AR_ComDisc_AuthorityDetail" character varying(500) NOT NULL,
    "AR_FICA" integer NOT NULL,
    "AR_FICADetail" character varying(500) NOT NULL,
    "AR_RepPrs_Taken" integer NOT NULL,
    "AR_RepPrs_TakenDetail" character varying(500) NOT NULL,
    "AR_RepPrs_Cancelled" integer NOT NULL,
    "AR_RepPrs_CancelledDetail" character varying(500) NOT NULL,
    "AR_SourceOfFunds" integer NOT NULL,
    "AR_SourceOfFundsDetail" character varying(500) NOT NULL,
    "AR_ReplacementBackInfo" character varying(500) NOT NULL,
    "AR_BusA_BnS" boolean NOT NULL,
    "AR_BusA_KeyP_Insurance" boolean NOT NULL,
    "AR_BusA_ContingentLiability" boolean NOT NULL,
    "AR_BusA_BusOvProt" boolean NOT NULL,
    "AR_BusA_CLARedm" boolean NOT NULL,
    "AR_BusA_DebitLoanRedemption" boolean NOT NULL,
    "AR_BusA_FundingOfFutureExpenses" boolean NOT NULL,
    "AR_BusA_FundingOfDeferredGratuities" boolean NOT NULL,
    "AR_BusA_Details" character varying(500) NOT NULL,
    "AR_BnS_DiC_TotalNeed" character varying(500) NOT NULL,
    "AR_BnS_DiC_ExistingProvisions" character varying(500) NOT NULL,
    "AR_BnS_DiC_ExistingShortfallSurplus" character varying(500) NOT NULL,
    "AR_BnS_DiC_Investments" character varying(500) NOT NULL,
    "AR_BnS_OtherTotalNeed" character varying(500) NOT NULL,
    "AR_BnS_OtherExistingProvisions" character varying(500) NOT NULL,
    "AR_BnS_OtherExistingShortfallSurplus" character varying(500) NOT NULL,
    "AR_BnS_OtherInvestments" character varying(500) NOT NULL,
    "AR_BnS_Comments" character varying(500) NOT NULL,
    "AR_KeyP_DC_TotalNeed" character varying(500) NOT NULL,
    "AR_KeyP_DC_ExistingProvisions" character varying(500) NOT NULL,
    "AR_KeyP_DC_ExistingShortfallSurplus" character varying(500) NOT NULL,
    "AR_KeyP_DC_Investments" character varying(500) NOT NULL,
    "AR_KeyP_DiC_TotalNeed" character varying(500) NOT NULL,
    "AR_KeyP_DiC_ExistingProvisions" character varying(500) NOT NULL,
    "AR_KeyP_DiC_ExistingShortfallSurplus" character varying(500) NOT NULL,
    "AR_KeyP_DiC_Investments" character varying(500) NOT NULL,
    "AR_KeyP_TI_CoverTotalNeed" character varying(500) NOT NULL,
    "AR_KeyP_TI_CoverExistingProvisions" character varying(500) NOT NULL,
    "AR_KeyP_TI_CoverExistingShortfallSurplus" character varying(500) NOT NULL,
    "AR_KeyP_TI_CoverInvestments" character varying(500) NOT NULL,
    "AR_KeyP_PI_CoverTotalNeed" character varying(500) NOT NULL,
    "AR_KeyP_PI_CoverExistingProvisions" character varying(500) NOT NULL,
    "AR_KeyP_PI_CoverExistingShortfallSurplus" character varying(500) NOT NULL,
    "AR_KeyP_PI_CoverInvestments" character varying(500) NOT NULL,
    "AR_KeyP_OtherTotalNeed" character varying(500) NOT NULL,
    "AR_KeyP_OtherExistingProvisions" character varying(500) NOT NULL,
    "AR_KeyP_OtherExistingShortfallSurplus" character varying(500) NOT NULL,
    "AR_KeyP_OtherInvestments" character varying(500) NOT NULL,
    "AR_KeyP_Comments" character varying(500) NOT NULL,
    "AR_SureNLia_DiC_TotalNeed" character varying(500) NOT NULL,
    "AR_SureNLia_DiC_Investments" character varying(500) NOT NULL,
    "AR_SureNLia_OtherTotalNeed" character varying(500) NOT NULL,
    "AR_SureNLia_OtherInvestments" character varying(500) NOT NULL,
    "AR_SureNLia_Comments" character varying(500) NOT NULL,
    "AR_BusOvProt_TI_CoverTotalNeed" character varying(500) NOT NULL,
    "AR_BusOvProt_TI_CoverExistingProvisions" character varying(500) NOT NULL,
    "AR_BusOvProt_TI_CoverExistingShortfallSurplus" character varying(500) NOT NULL,
    "AR_BusOvProt_TI_CoverInvestments" character varying(500) NOT NULL,
    "AR_BusOvProt_PI_CoverTotalNeed" character varying(500) NOT NULL,
    "AR_BusOvProt_PI_CoverExistingProvisions" character varying(500) NOT NULL,
    "AR_BusOvProt_PI_CoverExistingShortfallSurplus" character varying(500) NOT NULL,
    "AR_BusOvProt_PI_CoverInvestments" character varying(500) NOT NULL,
    "AR_BusOvProt_OtherTotalNeed" character varying(500) NOT NULL,
    "AR_BusOvProt_OtherExistingProvisions" character varying(500) NOT NULL,
    "AR_BusOvProt_OtherExistingShortfallSurplus" character varying(500) NOT NULL,
    "AR_BusOvProt_OtherInvestments" character varying(500) NOT NULL,
    "AR_BusOvProt_Comments" character varying(500) NOT NULL,
    "AR_CLARedm_DC_TotalNeed" character varying(500) NOT NULL,
    "AR_CLARedm_DC_ExistingProvisions" character varying(500) NOT NULL,
    "AR_CLARedm_DC_ExistingShortfallSurplus" character varying(500) NOT NULL,
    "AR_CLARedm_DC_Investments" character varying(500) NOT NULL,
    "AR_CLARedm_DiC_TotalNeed" character varying(500) NOT NULL,
    "AR_CLARedm_DiC_ExistingProvisions" character varying(500) NOT NULL,
    "AR_CLARedm_DiC_ExistingShortfallSurplus" character varying(500) NOT NULL,
    "AR_CLARedm_DiC_Investments" character varying(500) NOT NULL,
    "AR_DLARedm_DC_TotalNeed" character varying(500) NOT NULL,
    "AR_DLARedm_DC_ExistingProvisions" character varying(500) NOT NULL,
    "AR_DLARedm_DC_ExistingShortfallSurplus" character varying(500) NOT NULL,
    "AR_DLARedm_DC_Investments" character varying(500) NOT NULL,
    "AR_DLARedm_DiC_TotalNeed" character varying(500) NOT NULL,
    "AR_DLARedm_DiC_ExistingProvisions" character varying(500) NOT NULL,
    "AR_DLARedm_DiC_ExistingShortfallSurplus" character varying(500) NOT NULL,
    "AR_DLARedm_DiC_Investments" character varying(500) NOT NULL,
    "AR_LifeCoverFinancialSolutions" character varying(500) NOT NULL,
    "AR_DiC_FinancialSolutions" character varying(500) NOT NULL,
    "AR_AltS_1" character varying(500) NOT NULL,
    "AR_AltS_2" character varying(500) NOT NULL,
    "AR_AltS_3" character varying(500) NOT NULL,
    "AR_ProductProvider" character varying(500) NOT NULL,
    "AR_PolicyNumber" character varying(500) NOT NULL,
    "AR_ProductName" character varying(500) NOT NULL,
    "AR_ProductPremium" character varying(500) NOT NULL,
    "AR_ProductPremiumFrequency" integer NOT NULL,
    "AR_ProductPattern" character varying(500) NOT NULL,
    "AR_ProductEscalation" character varying(500) NOT NULL,
    "AR_ProductContractingParty" character varying(500) NOT NULL,
    "AR_ProductLivesAssured" character varying(500) NOT NULL,
    "AR_ProductPremiumPayer" character varying(500) NOT NULL,
    "AR_Product1stYearCommission" character varying(500) NOT NULL,
    "AR_Product2ndYearCommission" character varying(500) NOT NULL,
    "AR_BenDesc_1" character varying(500) NOT NULL,
    "AR_BenDesc_CoverAmount1" character varying(500) NOT NULL,
    "AR_BenDesc_2" character varying(500) NOT NULL,
    "AR_BenDesc_CoverAmount2" character varying(500) NOT NULL,
    "AR_BenDesc_3" character varying(500) NOT NULL,
    "AR_BenDesc_CoverAmount3" character varying(500) NOT NULL,
    "AR_BenDesc_4" character varying(500) NOT NULL,
    "AR_BenDesc_CoverAmount4" character varying(500) NOT NULL,
    "AR_BenDesc_5" character varying(500) NOT NULL,
    "AR_BenDesc_CoverAmount5" character varying(500) NOT NULL,
    "AR_BenDesc_6" character varying(500) NOT NULL,
    "AR_BenDesc_CoverAmount6" character varying(500) NOT NULL,
    "AR_BenDesc_7" character varying(500) NOT NULL,
    "AR_BenDesc_CoverAmount7" character varying(500) NOT NULL,
    "AR_ProductReasons" character varying(500) NOT NULL,
    "AR_ProductMaterialAspects" character varying(500) NOT NULL,
    "AR_ProductDetails" character varying(500) NOT NULL,
    "AR_ProductBriefSummary" character varying(500) NOT NULL,
    "AR_Cessionaries" character varying(500) NOT NULL,
    "AR_InformationExplained" character varying(500) NOT NULL,
    status integer NOT NULL,
    created_at timestamp with time zone NOT NULL,
    updated_at timestamp with time zone NOT NULL,
    "AR_SureNLia_DC_Provisions" character varying(500) NOT NULL,
    "AR_SureNLia_DC_ShortfallSurplus" character varying(500) NOT NULL,
    "AR_SureNLia_DC_TotalNeed" character varying(500) NOT NULL,
    "AR_BnS_DC_Provisions" character varying(500) NOT NULL,
    "AR_BnS_DC_ShortfallSurplus" character varying(500) NOT NULL,
    "AR_BnS_DC_TotalNeed" character varying(500) NOT NULL,
    "AR_RepPrs_Explained" integer NOT NULL,
    "AR_RepPrs_ExplainedDetail" character varying(500) NOT NULL,
    "AR_CLARedm_OtherExistingProvisions" character varying(500) NOT NULL,
    "AR_CLARedm_OtherExistingShortfallSurplus" character varying(500) NOT NULL,
    "AR_CLARedm_OtherInvestments" character varying(500) NOT NULL,
    "AR_CLARedm_OtherTotalNeed" character varying(500) NOT NULL,
    "AR_DLARedm_OtherExistingProvisions" character varying(500) NOT NULL,
    "AR_DLARedm_OtherExistingShortfallSurplus" character varying(500) NOT NULL,
    "AR_DLARedm_OtherInvestments" character varying(500) NOT NULL,
    "AR_DLARedm_OtherTotalNeed" character varying(500) NOT NULL,
    "AR_SureNLia_DiC_Provisions" character varying(500) NOT NULL,
    "AR_SureNLia_DiC_ShortfallSurplus" character varying(500) NOT NULL,
    "AR_BnS_DC_Investments" character varying(500) NOT NULL,
    "AR_SureNLia_DC_Investments" character varying(500) NOT NULL,
    "AR_SureNLia_OtherProvisions" character varying(500) NOT NULL,
    "AR_SureNLia_OtherShortfallSurplus" character varying(500) NOT NULL,
    "AR_BnS_Other" character varying(500) NOT NULL,
    "AR_BusOvProt_Other" character varying(500) NOT NULL,
    "AR_CLARedm_Other" character varying(500) NOT NULL,
    "AR_DLARedm_Other" character varying(500) NOT NULL,
    "AR_KeyP_Other" character varying(500) NOT NULL,
    "AR_SureNLia_Other" character varying(500) NOT NULL
);


ALTER TABLE public.data_assurancerisk OWNER TO sfproa;

--
-- Name: data_assurancerisk_id_seq; Type: SEQUENCE; Schema: public; Owner: sfproa
--

ALTER TABLE public.data_assurancerisk ALTER COLUMN id ADD GENERATED BY DEFAULT AS IDENTITY (
    SEQUENCE NAME public.data_assurancerisk_id_seq
    START WITH 1
    INCREMENT BY 1
    NO MINVALUE
    NO MAXVALUE
    CACHE 1
);


--
-- Name: data_employeebenefits; Type: TABLE; Schema: public; Owner: sfproa
--

CREATE TABLE public.data_employeebenefits (
    id bigint NOT NULL,
    "advisorId" integer NOT NULL,
    "formId" integer NOT NULL,
    "EB_ClientName" character varying(256) NOT NULL,
    "EB_ClientIdNumber" character varying(256) NOT NULL,
    "EB_ClientAddress" character varying(256) NOT NULL,
    "EB_ClientPhoneNumber" character varying(256) NOT NULL,
    "EB_ClientCellNumber" character varying(256) NOT NULL,
    "EB_ClientEmail" character varying(256) NOT NULL,
    "EB_ClientDate" character varying(256) NOT NULL,
    "EB_ClientFinancialAdvisor" character varying(256) NOT NULL,
    "EB_ClientFeeDetails" character varying(256) NOT NULL,
    "EB_BusinessName" character varying(256) NOT NULL,
    "EB_BusinessAddress" character varying(256) NOT NULL,
    "EB_BusinessContactPerson" character varying(256) NOT NULL,
    "EB_BusinessPhoneNumber" character varying(256) NOT NULL,
    "EB_BusinessCellNumber" character varying(256) NOT NULL,
    "EB_BusinessEmail" character varying(256) NOT NULL,
    "EB_BusinessNature" character varying(256) NOT NULL,
    "EB_BusinessUnion" integer NOT NULL,
    "EB_BusinessDetails" character varying(256) NOT NULL,
    "EB_BusinessNumberOfEmployees" character varying(256) NOT NULL,
    "EB_BusinessNumberOfEligibleEmployees" character varying(256) NOT NULL,
    "EB_BusinessNumberOfExcludedCategories" character varying(256) NOT NULL,
    "EB_BusEx_FundsName" character varying(256) NOT NULL,
    "EB_BusEx_FundsAdmin" character varying(256) NOT NULL,
    "EB_BusEx_FundsCurrentValue" character varying(256) NOT NULL,
    "EB_BusEx_FundsActiveMembers" character varying(256) NOT NULL,
    "EB_BusEx_FundsFullyPaidMembers" character varying(256) NOT NULL,
    "EB_BusEx_FundsFullyReasonForChange" character varying(256) NOT NULL,
    "EB_BusB_CoverType" integer NOT NULL,
    "EB_BusB_Cover" integer NOT NULL,
    "EB_BusB_CoverDetails" character varying(256) NOT NULL,
    "EB_BusEmp_Retire_In5Years" integer NOT NULL,
    "EB_BusEmp_Retire_In5YearsPercentage" character varying(256) NOT NULL,
    "EB_BusEmp_Fin_Illiterate" integer NOT NULL,
    "EB_BusEmp_Fin_IlliteratePercentage" character varying(256) NOT NULL,
    "EB_BusEmp_Fin_Sophisticated" integer NOT NULL,
    "EB_BusEmp_Fin_SophisticatedPercentage" character varying(256) NOT NULL,
    "EB_BusHS_TurnOver" integer NOT NULL,
    "EB_BusHS_TurnOverPercentage" character varying(256) NOT NULL,
    "EB_BusI_Choice" integer NOT NULL,
    "EB_BusI_ChoicePercentage" character varying(256) NOT NULL,
    "EB_BusinessItP" integer NOT NULL,
    "EB_BusinessItP_Percentage" character varying(256) NOT NULL,
    "EB_BusEmp_AdditionalComments" character varying(256) NOT NULL,
    "EB_BusRB_Category1" character varying(256) NOT NULL,
    "EB_BusRB_Category2" character varying(256) NOT NULL,
    "EB_BusRB_Category3" character varying(256) NOT NULL,
    "EB_BusRB_Category4" character varying(256) NOT NULL,
    "EB_BusRB_MemContrib_Category1" character varying(256) NOT NULL,
    "EB_BusRB_MemContrib_Category2" character varying(256) NOT NULL,
    "EB_BusRB_MemContrib_Category3" character varying(256) NOT NULL,
    "EB_BusRB_MemContrib_Category4" character varying(256) NOT NULL,
    "EB_BusRB_EmpContrib_Category1" character varying(256) NOT NULL,
    "EB_BusRB_EmpContrib_Category2" character varying(256) NOT NULL,
    "EB_BusRB_EmpContrib_Category3" character varying(256) NOT NULL,
    "EB_BusRB_EmpContrib_Category4" character varying(256) NOT NULL,
    "EB_BusRB_NormRetire_AgeCategory1" character varying(256) NOT NULL,
    "EB_BusRB_NormRetire_AgeCategory2" character varying(256) NOT NULL,
    "EB_BusRB_NormRetire_AgeCategory3" character varying(256) NOT NULL,
    "EB_BusRB_NormRetire_AgeCategory4" character varying(256) NOT NULL,
    "EB_BusRB_FlexibleGroupLife" character varying(256) NOT NULL,
    "EB_BusRB_Approved" integer NOT NULL,
    "EB_BusRB_ApprovedCategory1" character varying(256) NOT NULL,
    "EB_BusRB_ApprovedCategory2" character varying(256) NOT NULL,
    "EB_BusRB_ApprovedCategory3" character varying(256) NOT NULL,
    "EB_BusRB_ApprovedCategory4" character varying(256) NOT NULL,
    "EB_BusRB_UnApproved" integer NOT NULL,
    "EB_BusRB_UnApprovedCategory1" character varying(256) NOT NULL,
    "EB_BusRB_UnApprovedCategory2" character varying(256) NOT NULL,
    "EB_BusRB_UnApprovedCategory3" character varying(256) NOT NULL,
    "EB_BusRB_UnApprovedCategory4" character varying(256) NOT NULL,
    "EB_BusinessRiskFundTakeOver" integer NOT NULL,
    "EB_BusRB_SpouseLC_Category1" character varying(256) NOT NULL,
    "EB_BusRB_SpouseLC_Category2" character varying(256) NOT NULL,
    "EB_BusRB_SpouseLC_Category3" character varying(256) NOT NULL,
    "EB_BusRB_SpouseLC_Category4" character varying(256) NOT NULL,
    "EB_BusRB_SpouseLC_Notes" character varying(256) NOT NULL,
    "EB_BusRB_TrauBenSa_Category1" character varying(256) NOT NULL,
    "EB_BusRB_TrauBenSa_Category2" character varying(256) NOT NULL,
    "EB_BusRB_TrauBenSa_Category3" character varying(256) NOT NULL,
    "EB_BusRB_TrauBenSa_Category4" character varying(256) NOT NULL,
    "EB_BusRB_FB_CoverCategory1" character varying(256) NOT NULL,
    "EB_BusRB_FB_CoverCategory2" character varying(256) NOT NULL,
    "EB_BusRB_FB_CoverCategory3" character varying(256) NOT NULL,
    "EB_BusRB_FB_CoverCategory4" character varying(256) NOT NULL,
    "EB_BusRB_CapDisBen_Approved" integer NOT NULL,
    "EB_BusRB_CapDisBen_ApprovedCategory1" character varying(256) NOT NULL,
    "EB_BusRB_CapDisBen_ApprovedCategory2" character varying(256) NOT NULL,
    "EB_BusRB_CapDisBen_ApprovedCategory3" character varying(256) NOT NULL,
    "EB_BusRB_CapDisBen_ApprovedCategory4" character varying(256) NOT NULL,
    "EB_BusRB_CapDisBen_UnApproved" integer NOT NULL,
    "EB_BusRB_CapDisBen_UnApprovedCategory1" character varying(256) NOT NULL,
    "EB_BusRB_CapDisBen_UnApprovedCategory2" character varying(256) NOT NULL,
    "EB_BusRB_CapDisBen_UnApprovedCategory3" character varying(256) NOT NULL,
    "EB_BusRB_CapDisBen_UnApprovedCategory4" character varying(256) NOT NULL,
    "EB_BusRB_DiIBenWaitPer_Category1" character varying(256) NOT NULL,
    "EB_BusRB_DiIBenWaitPer_Category2" character varying(256) NOT NULL,
    "EB_BusRB_DiIBenWaitPer_Category3" character varying(256) NOT NULL,
    "EB_BusRB_DiIBenWaitPer_Category4" character varying(256) NOT NULL,
    "EB_BusRB_ConvOp" character varying(256) NOT NULL,
    "EB_BusRB_GrowthRates" character varying(256) NOT NULL,
    "EB_BusRB_DisabilityBenefitsNotes" character varying(256) NOT NULL,
    "EB_BusRB_AccidentBenefit" integer NOT NULL,
    "EB_BusRB_AccidentBenefitCategory1" character varying(256) NOT NULL,
    "EB_BusRB_AccidentBenefitCategory2" character varying(256) NOT NULL,
    "EB_BusRB_AccidentBenefitCategory3" character varying(256) NOT NULL,
    "EB_BusRB_AccidentBenefitCategory4" character varying(256) NOT NULL,
    "EB_BusRB_AccidentBenefitReason" character varying(256) NOT NULL,
    "EB_BusRB_DiC_Reason" character varying(256) NOT NULL,
    "EB_BusRecom_ProductAdmin" character varying(256) NOT NULL,
    "EB_BusRecom_ProductName" character varying(256) NOT NULL,
    "EB_BusRecom_FundType" character varying(256) NOT NULL,
    "EB_BusRecom_RecommendationFundType" character varying(256) NOT NULL,
    "EB_BusRecom_Porfolio" integer NOT NULL,
    "EB_BusRecom_ClientAccepted" integer NOT NULL,
    "EB_BusRecom_ClientRisks" character varying(256) NOT NULL,
    "EB_BusFReplace_Name" character varying(256) NOT NULL,
    "EB_BusFReplace_RegNo" character varying(256) NOT NULL,
    "EB_BusFReplace_Type" character varying(256) NOT NULL,
    "EB_BusFReplace_Detail" integer NOT NULL,
    "EB_BusFReplace_FeeChargesReplaced" character varying(256) NOT NULL,
    "EB_BusFReplace_FeeChargesExisting" character varying(256) NOT NULL,
    "EB_BusFReplace_TnC_Replaced" character varying(256) NOT NULL,
    "EB_BusFReplace_TnC_Existing" character varying(256) NOT NULL,
    "EB_BusFReplace_HealthChangesReplaced" character varying(256) NOT NULL,
    "EB_BusFReplace_HealthChangesExisting" character varying(256) NOT NULL,
    "EB_BusFReplace_TaxImplicationsReplaced" character varying(256) NOT NULL,
    "EB_BusFReplace_TaxImplicationsExisting" character varying(256) NOT NULL,
    "EB_BusFReplace_MaterialDifferencesReplaced" character varying(256) NOT NULL,
    "EB_BusFReplace_MaterialDifferencesExisting" character varying(256) NOT NULL,
    "EB_BusFReplace_PenaltiesReplaced" character varying(256) NOT NULL,
    "EB_BusFReplace_PenaltiesExisting" character varying(256) NOT NULL,
    "EB_BusFReplace_RealisedReplaced" character varying(256) NOT NULL,
    "EB_BusFReplace_RealisedExisting" character varying(256) NOT NULL,
    "EB_BusFReplace_EligGr_Proposed" character varying(256) NOT NULL,
    "EB_BusFReplace_EligGr_Existing" character varying(256) NOT NULL,
    "EB_BusFReplace_MemContrib_Proposed" character varying(256) NOT NULL,
    "EB_BusFReplace_MemContrib_Existing" character varying(256) NOT NULL,
    "EB_BusFReplace_EmpContrib_Proposed" character varying(256) NOT NULL,
    "EB_BusFReplace_EmpContrib_Existing" character varying(256) NOT NULL,
    "EB_BusFReplace_EmpContrib_PercentageProposed" character varying(256) NOT NULL,
    "EB_BusFReplace_EmpContrib_PercentageExisting" character varying(256) NOT NULL,
    "EB_BusFReplace_BenPayDis_Proposed" character varying(256) NOT NULL,
    "EB_BusFReplace_BenPayDis_Existing" character varying(256) NOT NULL,
    "EB_BusFReplace_BenPayD_Proposed" character varying(256) NOT NULL,
    "EB_BusFReplace_BenPayD_Existing" character varying(256) NOT NULL,
    "EB_BusFReplace_BenPayW_Proposed" character varying(256) NOT NULL,
    "EB_BusFReplace_BenPayW_Existing" character varying(256) NOT NULL,
    "EB_BusFReplace_BenPayRe_Proposed" character varying(256) NOT NULL,
    "EB_BusFReplace_BenPayRe_Existing" character varying(256) NOT NULL,
    "EB_BusFReplace_NormRetire_AgeProposed" character varying(256) NOT NULL,
    "EB_BusFReplace_NormRetire_AgeExisting" character varying(256) NOT NULL,
    "EB_BusFReplace_ConvOp_Proposed" character varying(256) NOT NULL,
    "EB_BusFReplace_ConvOp_Existing" character varying(256) NOT NULL,
    "EB_BusFReplace_HouseL_Proposed" character varying(256) NOT NULL,
    "EB_BusFReplace_HouseL_Existing" character varying(256) NOT NULL,
    "EB_BusFReplace_AdminC_Proposed" character varying(256) NOT NULL,
    "EB_BusFReplace_AdminC_Existing" character varying(256) NOT NULL,
    "EB_BusFReplace_InvestFee_Proposed" character varying(256) NOT NULL,
    "EB_BusFReplace_InvestFee_Existing" character varying(256) NOT NULL,
    "EB_BusFReplace_CoR_Proposed" character varying(256) NOT NULL,
    "EB_BusFReplace_CoR_Existing" character varying(256) NOT NULL,
    "EB_BusFReplace_BenA_Proposed" character varying(256) NOT NULL,
    "EB_BusFReplace_BenA_Existing" character varying(256) NOT NULL,
    "EB_BusFReplace_InvestCh_Proposed" character varying(256) NOT NULL,
    "EB_BusFReplace_InvestCh_Existing" character varying(256) NOT NULL,
    status integer NOT NULL,
    created_at timestamp with time zone NOT NULL,
    updated_at timestamp with time zone NOT NULL,
    "EB_BusRB_DrC_Reason" character varying(256) NOT NULL,
    "EB_BusRB_DrC_Summary" character varying(256) NOT NULL,
    "EB_BusFReplace_AdminFee_Existing" character varying(256) NOT NULL,
    "EB_BusFReplace_AdminFee_Proposed" character varying(256) NOT NULL
);


ALTER TABLE public.data_employeebenefits OWNER TO sfproa;

--
-- Name: data_employeebenefits_id_seq; Type: SEQUENCE; Schema: public; Owner: sfproa
--

ALTER TABLE public.data_employeebenefits ALTER COLUMN id ADD GENERATED BY DEFAULT AS IDENTITY (
    SEQUENCE NAME public.data_employeebenefits_id_seq
    START WITH 1
    INCREMENT BY 1
    NO MINVALUE
    NO MAXVALUE
    CACHE 1
);


--
-- Name: data_fiduciary; Type: TABLE; Schema: public; Owner: sfproa
--

CREATE TABLE public.data_fiduciary (
    id bigint NOT NULL,
    "advisorId" integer NOT NULL,
    "formId" integer NOT NULL,
    "fiduciaryWillInPlace" integer NOT NULL,
    "fiduciaryWillUpdationDate" character varying(500) NOT NULL,
    "fiduciaryWillKeepingPlace" character varying(500) NOT NULL,
    "fiduciaryExecutorDetails" character varying(500) NOT NULL,
    "fiduciaryClientInstructions" character varying(500) NOT NULL,
    "fiduciaryConsequencesExplained" character varying(500) NOT NULL,
    status integer NOT NULL,
    created_at timestamp with time zone NOT NULL,
    updated_at timestamp with time zone NOT NULL
);


ALTER TABLE public.data_fiduciary OWNER TO sfproa;

--
-- Name: data_fiduciary_id_seq; Type: SEQUENCE; Schema: public; Owner: sfproa
--

ALTER TABLE public.data_fiduciary ALTER COLUMN id ADD GENERATED BY DEFAULT AS IDENTITY (
    SEQUENCE NAME public.data_fiduciary_id_seq
    START WITH 1
    INCREMENT BY 1
    NO MINVALUE
    NO MAXVALUE
    CACHE 1
);


--
-- Name: data_form; Type: TABLE; Schema: public; Owner: sfproa
--

CREATE TABLE public.data_form (
    id bigint NOT NULL,
    "advisorId" integer NOT NULL,
    "clientName" character varying(256) NOT NULL,
    "clientIdNumber" character varying(256) NOT NULL,
    "clientAddress" character varying(256) NOT NULL,
    "clientPhoneNumber" character varying(256) NOT NULL,
    "clientEmail" character varying(256) NOT NULL,
    "clientDateOfBirth" date NOT NULL,
    "clientLetterOfIntroduction" integer NOT NULL,
    "clientLetterOfIntroductionReason" character varying(256) NOT NULL,
    "clientLetterOfIntroductionAccess" integer NOT NULL,
    "clientLetterOfIntroductionAccessReason" character varying(256) NOT NULL,
    "clientFica" integer NOT NULL,
    "clientFicaReason" character varying(256) NOT NULL,
    "clientBackgroundInfo" character varying(1000) NOT NULL,
    status integer NOT NULL,
    created_at timestamp with time zone NOT NULL,
    updated_at timestamp with time zone NOT NULL
);


ALTER TABLE public.data_form OWNER TO sfproa;

--
-- Name: data_form_id_seq; Type: SEQUENCE; Schema: public; Owner: sfproa
--

ALTER TABLE public.data_form ALTER COLUMN id ADD GENERATED BY DEFAULT AS IDENTITY (
    SEQUENCE NAME public.data_form_id_seq
    START WITH 1
    INCREMENT BY 1
    NO MINVALUE
    NO MAXVALUE
    CACHE 1
);


--
-- Name: data_gapcover; Type: TABLE; Schema: public; Owner: sfproa
--

CREATE TABLE public.data_gapcover (
    id bigint NOT NULL,
    "advisorId" integer NOT NULL,
    "formId" integer NOT NULL,
    "GP_ClientName" character varying(256) NOT NULL,
    "GP_ClientIdNumber" character varying(256) NOT NULL,
    "GP_ClientAddress" character varying(256) NOT NULL,
    "GP_ClientEmail" character varying(256) NOT NULL,
    "GP_ClientPhoneNumber" character varying(256) NOT NULL,
    "GP_ClientMedicalAidName" character varying(256) NOT NULL,
    "GP_ClientInceptionDate" character varying(256) NOT NULL,
    "GP_Date" character varying(256) NOT NULL,
    "GP_Benefits" character varying(1000) NOT NULL,
    "GP_MedicalDependent" integer NOT NULL,
    "GP_MemberName1" character varying(1000) NOT NULL,
    "GP_MemberRelationship1" character varying(1000) NOT NULL,
    "GP_MemberAidPlan1" character varying(1000) NOT NULL,
    "GP_MemberName2" character varying(1000) NOT NULL,
    "GP_MemberRelationship2" character varying(1000) NOT NULL,
    "GP_MemberAidPlan2" character varying(1000) NOT NULL,
    "GP_MemberName3" character varying(1000) NOT NULL,
    "GP_MemberRelationship3" character varying(1000) NOT NULL,
    "GP_MemberAidPlan3" character varying(1000) NOT NULL,
    "GP_MemberName4" character varying(1000) NOT NULL,
    "GP_MemberRelationship4" character varying(1000) NOT NULL,
    "GP_MemberAidPlan4" character varying(1000) NOT NULL,
    "GP_Provider" character varying(1000) NOT NULL,
    "GP_Motivation" character varying(1000) NOT NULL,
    "GP_TotalPremium" character varying(1000) NOT NULL,
    "GP_BrokerFee" character varying(1000) NOT NULL,
    "GP_Commission" character varying(1000) NOT NULL,
    "GP_CP_Rate" character varying(1000) NOT NULL,
    "GP_NP_Rate" character varying(1000) NOT NULL,
    "GP_CP_Overall" character varying(1000) NOT NULL,
    "GP_NP_Overall" character varying(1000) NOT NULL,
    "GP_CP_CoPayment_B" character varying(1000) NOT NULL,
    "GP_NP_CoPayment_B" character varying(1000) NOT NULL,
    "GP_CP_SubLimit_B" character varying(1000) NOT NULL,
    "GP_NP_SubLimit_B" character varying(1000) NOT NULL,
    "GP_CP_Cancer_B" character varying(1000) NOT NULL,
    "GP_NP_Cancer_B" character varying(1000) NOT NULL,
    "GP_CP_CancerD_B" character varying(1000) NOT NULL,
    "GP_NP_CancerD_B" character varying(1000) NOT NULL,
    "GP_CP_Other_B" character varying(1000) NOT NULL,
    "GP_NP_Other_B" character varying(1000) NOT NULL,
    "GP_CP_CasualB" character varying(1000) NOT NULL,
    "GP_NP_CasualB" character varying(1000) NOT NULL,
    "GP_CP_TraumaB" character varying(1000) NOT NULL,
    "GP_NP_TraumaB" character varying(1000) NOT NULL,
    "GP_CP_PreW_B" character varying(1000) NOT NULL,
    "GP_NP_PreW_B" character varying(1000) NOT NULL,
    "GP_CP_Med_SW_B" character varying(1000) NOT NULL,
    "GP_NP_Med_SW_B" character varying(1000) NOT NULL,
    "GP_CP_Accidental_DC_B" character varying(1000) NOT NULL,
    "GP_NP_Accidental_DC_B" character varying(1000) NOT NULL,
    "GP_Exclusions" integer NOT NULL,
    "GP_Other_Exclusions" character varying(1000) NOT NULL,
    "GP_GeneralComments" character varying(1000) NOT NULL,
    "GP_FinanAdvisor_ProdRecomm" character varying(1000) NOT NULL,
    "GP_FinanAdvisor_Reasons" character varying(1000) NOT NULL,
    "GP_FinanAdvisor_Consequences" integer NOT NULL,
    "GP_FinanAdvisor_FeeCommission" character varying(1000) NOT NULL,
    "GP_FinanAdvisor_OtherComments" character varying(1000) NOT NULL,
    "GP_FinanAdvisor_Date" character varying(1000) NOT NULL,
    status integer NOT NULL,
    created_at timestamp with time zone NOT NULL,
    updated_at timestamp with time zone NOT NULL,
    "GP_Option" character varying(1000) NOT NULL,
    "GP_CP_GenWait_P" character varying(1000) NOT NULL,
    "GP_CP_PreExist_P" character varying(1000) NOT NULL,
    "GP_CP_Specific_P" character varying(1000) NOT NULL,
    "GP_NP_GenWait_P" character varying(1000) NOT NULL,
    "GP_NP_PreExist_P" character varying(1000) NOT NULL,
    "GP_NP_Specific_P" character varying(1000) NOT NULL
);


ALTER TABLE public.data_gapcover OWNER TO sfproa;

--
-- Name: data_gapcover_id_seq; Type: SEQUENCE; Schema: public; Owner: sfproa
--

ALTER TABLE public.data_gapcover ALTER COLUMN id ADD GENERATED BY DEFAULT AS IDENTITY (
    SEQUENCE NAME public.data_gapcover_id_seq
    START WITH 1
    INCREMENT BY 1
    NO MINVALUE
    NO MAXVALUE
    CACHE 1
);


--
-- Name: data_investmentplanning; Type: TABLE; Schema: public; Owner: sfproa
--

CREATE TABLE public.data_investmentplanning (
    id bigint NOT NULL,
    "advisorId" integer NOT NULL,
    "formId" integer NOT NULL,
    "IP_SourceOfIncome" integer NOT NULL,
    "IP_OtherSourceOfIncome" character varying(500) NOT NULL,
    "IP_InvestmentTerm" character varying(500) NOT NULL,
    "IP_InvestmentTermDetails" character varying(500) NOT NULL,
    "IP_Liquidity" integer NOT NULL,
    "IP_LiquidityDetails" character varying(500) NOT NULL,
    "IP_Type" integer NOT NULL,
    "IP_TypeDetails" character varying(500) NOT NULL,
    "IP_PremiumType" integer NOT NULL,
    "IP_PremiumTypeDetails" character varying(500) NOT NULL,
    "IP_IncomeRequired" integer NOT NULL,
    "IP_IncomeRequiredDetails" character varying(500) NOT NULL,
    "IP_InvestmentStrategy" integer NOT NULL,
    "IP_InvestmentStrategyDetails" character varying(500) NOT NULL,
    "IP_ReturnRequired" integer NOT NULL,
    "IP_ReturnRequiredDetails" character varying(500) NOT NULL,
    "IP_RiskProfile" integer NOT NULL,
    "IP_RiskProfileDetails" character varying(500) NOT NULL,
    "IP_RecommendationSummary" character varying(500) NOT NULL,
    "IP_AltS_1" character varying(500) NOT NULL,
    "IP_AltS_2" character varying(500) NOT NULL,
    "IP_AltS_3" character varying(500) NOT NULL,
    "IP_ProductTaken" integer NOT NULL,
    "IP_ProductProvider" character varying(500) NOT NULL,
    "IP_PolicyNumber" character varying(500) NOT NULL,
    "IP_ProductName" character varying(500) NOT NULL,
    "IP_ProductPremium" character varying(500) NOT NULL,
    "IP_ProductPremiumFrequency" integer NOT NULL,
    "IP_ProductEscalation" character varying(500) NOT NULL,
    "IP_ProductEAC" character varying(500) NOT NULL,
    "IP_ProductContractingParty" character varying(500) NOT NULL,
    "IP_ProductLivesAssured" character varying(500) NOT NULL,
    "IP_ProductPremiumLayer" character varying(500) NOT NULL,
    "IP_ProductBeneficiary" character varying(500) NOT NULL,
    "IP_Product_IniC" character varying(500) NOT NULL,
    "IP_Product_IniC_Percentage" character varying(500) NOT NULL,
    "IP_Product_OnC" character varying(500) NOT NULL,
    "IP_Product_OnC_Percentage" character varying(500) NOT NULL,
    "IP_SFPSolutionFunds" integer NOT NULL,
    "IP_SFPSolutionFundsDetails" character varying(500) NOT NULL,
    "IP_ItP" character varying(500) NOT NULL,
    "IP_ItP_Fund" character varying(500) NOT NULL,
    "IP_ItP_FundPercentage" character varying(500) NOT NULL,
    "IP_ItP_FundProvided" integer NOT NULL,
    "IP_ItP_FundDiscussed" integer NOT NULL,
    "IP_ItP_Fund1" character varying(500) NOT NULL,
    "IP_ItP_FundPercentage1" character varying(500) NOT NULL,
    "IP_ItP_FundProvided1" integer NOT NULL,
    "IP_ItP_FundDiscussed1" integer NOT NULL,
    "IP_ItP_Fund2" character varying(500) NOT NULL,
    "IP_ItP_FundPercentage2" character varying(500) NOT NULL,
    "IP_ItP_FundProvided2" integer NOT NULL,
    "IP_ItP_FundDiscussed2" integer NOT NULL,
    "IP_ItP_Fund3" character varying(500) NOT NULL,
    "IP_ItP_FundPercentage3" character varying(500) NOT NULL,
    "IP_ItP_FundProvided3" integer NOT NULL,
    "IP_ItP_FundDiscussed3" integer NOT NULL,
    "IP_ItP_Fund4" character varying(500) NOT NULL,
    "IP_ItP_FundPercentage4" character varying(500) NOT NULL,
    "IP_ItP_FundProvided4" integer NOT NULL,
    "IP_ItP_FundDiscussed4" integer NOT NULL,
    "IP_ItP_Fund5" character varying(500) NOT NULL,
    "IP_ItP_FundPercentage5" character varying(500) NOT NULL,
    "IP_ItP_FundProvided5" integer NOT NULL,
    "IP_ItP_FundDiscussed5" integer NOT NULL,
    "IP_ItP_Fund6" character varying(500) NOT NULL,
    "IP_ItP_FundPercentage6" character varying(500) NOT NULL,
    "IP_ItP_FundProvided6" integer NOT NULL,
    "IP_ItP_FundDiscussed6" integer NOT NULL,
    "IP_ItP_Fund7" character varying(500) NOT NULL,
    "IP_ItP_FundPercentage7" character varying(500) NOT NULL,
    "IP_ItP_FundProvided7" integer NOT NULL,
    "IP_ItP_FundDiscussed7" integer NOT NULL,
    "IP_ItP_FundsReasons" character varying(500) NOT NULL,
    "IP_ItP_FundsMaterialAspects" character varying(500) NOT NULL,
    status integer NOT NULL,
    created_at timestamp with time zone NOT NULL,
    updated_at timestamp with time zone NOT NULL
);


ALTER TABLE public.data_investmentplanning OWNER TO sfproa;

--
-- Name: data_investmentplanning_id_seq; Type: SEQUENCE; Schema: public; Owner: sfproa
--

ALTER TABLE public.data_investmentplanning ALTER COLUMN id ADD GENERATED BY DEFAULT AS IDENTITY (
    SEQUENCE NAME public.data_investmentplanning_id_seq
    START WITH 1
    INCREMENT BY 1
    NO MINVALUE
    NO MAXVALUE
    CACHE 1
);


--
-- Name: data_riskplanning; Type: TABLE; Schema: public; Owner: sfproa
--

CREATE TABLE public.data_riskplanning (
    id bigint NOT NULL,
    "advisorId" integer NOT NULL,
    "formId" integer NOT NULL,
    "RP_DC_LumpSumTotalNeed" character varying(500) NOT NULL,
    "RP_DC_LumpSumExistingProvisions" character varying(500) NOT NULL,
    "RP_DC_LumpSumExistingShortfallSurplus" character varying(500) NOT NULL,
    "RP_DC_LumpSumInvestments" character varying(500) NOT NULL,
    "RP_DC_IncomeTotalNeed" character varying(500) NOT NULL,
    "RP_DC_IncomeExistingProvisions" character varying(500) NOT NULL,
    "RP_DC_IncomeExistingShortfallSurplus" character varying(500) NOT NULL,
    "RP_DC_IncomeInvestments" character varying(500) NOT NULL,
    "RP_DC_FB_TotalNeed" character varying(500) NOT NULL,
    "RP_DC_FB_ExistingProvisions" character varying(500) NOT NULL,
    "RP_DC_FB_ExistingShortfallSurplus" character varying(500) NOT NULL,
    "RP_DC_FB_Investments" character varying(500) NOT NULL,
    "RP_DC_OtherTotalNeed" character varying(500) NOT NULL,
    "RP_DC_OtherExistingProvisions" character varying(500) NOT NULL,
    "RP_DC_OtherExistingShortfallSurplus" character varying(500) NOT NULL,
    "RP_DC_OtherInvestments" character varying(500) NOT NULL,
    "RP_DC_Comments" character varying(500) NOT NULL,
    "RP_DiC_LumpSumTotalNeed" character varying(500) NOT NULL,
    "RP_DiC_LumpSumExistingProvisions" character varying(500) NOT NULL,
    "RP_DiC_LumpSumExistingShortfallSurplus" character varying(500) NOT NULL,
    "RP_DiC_LumpSumInvestments" character varying(500) NOT NULL,
    "RP_DiC_PI_TotalNeed" character varying(500) NOT NULL,
    "RP_DiC_PI_ExistingProvisions" character varying(500) NOT NULL,
    "RP_DiC_PI_ExistingShortfallSurplus" character varying(500) NOT NULL,
    "RP_DiC_PI_Investments" character varying(500) NOT NULL,
    "RP_DiC_TI_TotalNeed" character varying(500) NOT NULL,
    "RP_DiC_TI_ExistingProvisions" character varying(500) NOT NULL,
    "RP_DiC_TI_ExistingShortfallSurplus" character varying(500) NOT NULL,
    "RP_DiC_TI_Investments" character varying(500) NOT NULL,
    "RP_DiC_SiB_TotalNeed" character varying(500) NOT NULL,
    "RP_DiC_SiB_ExistingProvisions" character varying(500) NOT NULL,
    "RP_DiC_SiB_ExistingShortfallSurplus" character varying(500) NOT NULL,
    "RP_DiC_SiB_Investments" character varying(500) NOT NULL,
    "RP_DiC_OtherTotalNeed1" character varying(500) NOT NULL,
    "RP_DiC_OtherExistingProvisions1" character varying(500) NOT NULL,
    "RP_DiC_OtherExistingShortfallSurplus1" character varying(500) NOT NULL,
    "RP_DiC_OtherInvestments1" character varying(500) NOT NULL,
    "RP_DiC_OtherTotalNeed2" character varying(500) NOT NULL,
    "RP_DiC_OtherExistingProvisions2" character varying(500) NOT NULL,
    "RP_DiC_OtherExistingShortfallSurplus2" character varying(500) NOT NULL,
    "RP_DiC_OtherInvestments2" character varying(500) NOT NULL,
    "RP_DiC_Comments" character varying(500) NOT NULL,
    "RP_DrC_LumpSumTotalNeed" character varying(500) NOT NULL,
    "RP_DrC_LumpSumExistingProvisions" character varying(500) NOT NULL,
    "RP_DrC_LumpSumExistingShortfallSurplus" character varying(500) NOT NULL,
    "RP_DrC_LumpSumInvestments" character varying(500) NOT NULL,
    "RP_DrC_IncomeTotalNeed" character varying(500) NOT NULL,
    "RP_DrC_IncomeExistingProvisions" character varying(500) NOT NULL,
    "RP_DrC_IncomeExistingShortfallSurplus" character varying(500) NOT NULL,
    "RP_DrC_IncomeInvestments" character varying(500) NOT NULL,
    "RP_DrC_OtherTotalNeed1" character varying(500) NOT NULL,
    "RP_DrC_OtherExistingProvisions1" character varying(500) NOT NULL,
    "RP_DrC_OtherExistingShortfallSurplus1" character varying(500) NOT NULL,
    "RP_DrC_OtherInvestments1" character varying(500) NOT NULL,
    "RP_DrC_OtherTotalNeed2" character varying(500) NOT NULL,
    "RP_DrC_OtherExistingProvisions2" character varying(500) NOT NULL,
    "RP_DrC_OtherExistingShortfallSurplus2" character varying(500) NOT NULL,
    "RP_DrC_OtherInvestments2" character varying(500) NOT NULL,
    "RP_DrC_Comments" character varying(500) NOT NULL,
    "RP_LC_FinancialSolutions" character varying(500) NOT NULL,
    "RP_DiC_FinancialSolutions" character varying(500) NOT NULL,
    "RP_DrC_FinancialSolutions" character varying(500) NOT NULL,
    "RP_AltS_1" character varying(500) NOT NULL,
    "RP_AltS_2" character varying(500) NOT NULL,
    "RP_AltS_3" character varying(500) NOT NULL,
    "RP_Product_Taken" character varying(500) NOT NULL,
    "RP_Product_Provider" character varying(500) NOT NULL,
    "RP_Policy_Number" character varying(500) NOT NULL,
    "RP_Product_Name" character varying(500) NOT NULL,
    "RP_Product_Premium" character varying(500) NOT NULL,
    "RP_Product_PremiumFrequency" integer NOT NULL,
    "RP_Product_Pattern" character varying(500) NOT NULL,
    "RP_Product_Escalation" character varying(500) NOT NULL,
    "RP_Product_ContractingParty" character varying(500) NOT NULL,
    "RP_Product_LivesAssured" character varying(500) NOT NULL,
    "RP_Product_Beneficiary" character varying(500) NOT NULL,
    "RP_Product_PremiumPayer" character varying(500) NOT NULL,
    "RP_Product_1stYearCommission" character varying(500) NOT NULL,
    "RP_Product_2ndYearCommission" character varying(500) NOT NULL,
    "RP_Product_OngoingFees" character varying(500) NOT NULL,
    "RP_Product_OngoingFeesFrequency" character varying(500) NOT NULL,
    "RP_TotalFees_n_Commissions" character varying(500) NOT NULL,
    "RP_BenDesc_1" character varying(500) NOT NULL,
    "RP_BenDesc_CoverAmount1" character varying(500) NOT NULL,
    "RP_BenDesc_2" character varying(500) NOT NULL,
    "RP_BenDesc_CoverAmount2" character varying(500) NOT NULL,
    "RP_BenDesc_3" character varying(500) NOT NULL,
    "RP_BenDesc_CoverAmount3" character varying(500) NOT NULL,
    "RP_BenDesc_4" character varying(500) NOT NULL,
    "RP_BenDesc_CoverAmount4" character varying(500) NOT NULL,
    "RP_BenDesc_5" character varying(500) NOT NULL,
    "RP_BenDesc_CoverAmount5" character varying(500) NOT NULL,
    "RP_BenDesc_6" character varying(500) NOT NULL,
    "RP_BenDesc_CoverAmount6" character varying(500) NOT NULL,
    "RP_BenDesc_7" character varying(500) NOT NULL,
    "RP_BenDesc_CoverAmount7" character varying(500) NOT NULL,
    "RP_ProductReasons" character varying(500) NOT NULL,
    "RP_ProductMaterialAspects" character varying(500) NOT NULL,
    "RP_ProductDetails" character varying(500) NOT NULL,
    "RP_ExecutorFee" character varying(500) NOT NULL,
    "RP_NominationOfBeneficiaries" character varying(500) NOT NULL,
    "RP_InformationExplained" character varying(500) NOT NULL,
    status integer NOT NULL,
    created_at timestamp with time zone NOT NULL,
    updated_at timestamp with time zone NOT NULL,
    "RP_Product_OngoingFeesFrequency1" integer NOT NULL,
    "RP_DC_Other" character varying(500) NOT NULL,
    "RP_DiC_Other1" character varying(500) NOT NULL,
    "RP_DiC_Other2" character varying(500) NOT NULL,
    "RP_DrC_Other1" character varying(500) NOT NULL,
    "RP_DrC_Other2" character varying(500) NOT NULL
);


ALTER TABLE public.data_riskplanning OWNER TO sfproa;

--
-- Name: data_riskplanning_id_seq; Type: SEQUENCE; Schema: public; Owner: sfproa
--

ALTER TABLE public.data_riskplanning ALTER COLUMN id ADD GENERATED BY DEFAULT AS IDENTITY (
    SEQUENCE NAME public.data_riskplanning_id_seq
    START WITH 1
    INCREMENT BY 1
    NO MINVALUE
    NO MAXVALUE
    CACHE 1
);


--
-- Name: data_shortterminsurancecommerical; Type: TABLE; Schema: public; Owner: sfproa
--

CREATE TABLE public.data_shortterminsurancecommerical (
    id bigint NOT NULL,
    "advisorId" integer NOT NULL,
    "formId" integer NOT NULL,
    "STIC_Quotation_Number" character varying(256) NOT NULL,
    "STIC_Underwritten_By" character varying(256) NOT NULL,
    "STIC_Branch_Name" character varying(256) NOT NULL,
    "STIC_Branch_Number" character varying(256) NOT NULL,
    "STIC_Inception_Date" character varying(256) NOT NULL,
    "STIC_Renewal_Date" character varying(256) NOT NULL,
    "STIC_Payment_Method_Annual" integer NOT NULL,
    "STIC_Payment_Method_Monthly" integer NOT NULL,
    "STIC_Sasria_Annual" integer NOT NULL,
    "STIC_Sasria_Monthly" integer NOT NULL,
    "STIC_Business_Owner" character varying(256) NOT NULL,
    "STIC_Client_Id_Number" character varying(256) NOT NULL,
    "STIC_Company_Reg_Number" character varying(256) NOT NULL,
    "STIC_Company_VAT_Number" character varying(256) NOT NULL,
    "STIC_Postal_Address" character varying(256) NOT NULL,
    "STIC_Risk_Address" character varying(256) NOT NULL,
    "STIC_Contact_Person" character varying(256) NOT NULL,
    "STIC_TelePhone_Number" character varying(256) NOT NULL,
    "STIC_Fax_Number" character varying(256) NOT NULL,
    "STIC_CellPhone_Number" character varying(256) NOT NULL,
    "STIC_Email" character varying(256) NOT NULL,
    "STIC_Business_Description" character varying(256) NOT NULL,
    "STIC_Lower_Premium" integer NOT NULL,
    "STIC_Higher_Premium" integer NOT NULL,
    "STIC_Applicable_Option" character varying(256) NOT NULL,
    "STIC_General_Cancelled" integer NOT NULL,
    "STIC_General_Cancelled_Detail" character varying(256) NOT NULL,
    "STIC_General_History" jsonb NOT NULL,
    "STIC_Replacement_Advise" integer NOT NULL,
    "STIC_Replacement_Reason" character varying(256) NOT NULL,
    "STIC_Replacement_Suppliers" character varying(256) NOT NULL,
    "STIC_Fin_FnC_Existing" character varying(256) NOT NULL,
    "STIC_Fin_FnC_Replacement" character varying(256) NOT NULL,
    "STIC_Fin_STnC_Existing" character varying(256) NOT NULL,
    "STIC_Fin_STnC_Replacement" character varying(256) NOT NULL,
    "STIC_Fin_ImpOnPre_Existing" character varying(256) NOT NULL,
    "STIC_Fin_ImpOnPre_Replacement" character varying(256) NOT NULL,
    "STIC_Fin_Excesses_Existing" character varying(256) NOT NULL,
    "STIC_Fin_Excesses_Replacement" character varying(256) NOT NULL,
    "STIC_Fin_VABen_Existing" character varying(256) NOT NULL,
    "STIC_Fin_VABen_Replacement" character varying(256) NOT NULL,
    "STIC_Fin_AdvisorComm_Existing" character varying(256) NOT NULL,
    "STIC_Fin_AdvisorComm_Replacement" character varying(256) NOT NULL,
    "STIC_Buildings_Insured" character varying(50) NOT NULL,
    "STIC_Rental_Insured" character varying(50) NOT NULL,
    "STIC_Others_Insured" character varying(50) NOT NULL,
    "STIC_Stocks_Insured" character varying(50) NOT NULL,
    "STIC_Miscellaneous1_Insured" character varying(50) NOT NULL,
    "STIC_Miscellaneous2_Insured" character varying(50) NOT NULL,
    "STIC_Earthquake_Insured" integer NOT NULL,
    "STIC_Malicious_Damage_Insured" integer NOT NULL,
    "STIC_Special_Insured" integer NOT NULL,
    "STIC_LeakFull_Insured" integer NOT NULL,
    "STIC_LeakFirst_Insured" integer NOT NULL,
    "STIC_SnLLimited_Insured" integer NOT NULL,
    "STIC_SnLComprehensive_Insured" integer NOT NULL,
    "STIC_RnS_Insured" integer NOT NULL,
    "STIC_SDC_Insured" integer NOT NULL,
    "STIC_BuildCombined_ColumnRef" character varying(50) NOT NULL,
    "STIC_BuildCombined_Sum" character varying(50) NOT NULL,
    "STIC_BuildCombined_Construct" integer NOT NULL,
    "STIC_BuildCombined_Desc" character varying(50) NOT NULL,
    "STIC_Extensions_RnS" character varying(50) NOT NULL,
    "STIC_Extensions_Geysers" character varying(50) NOT NULL,
    "STIC_Extensions_SnL" character varying(50) NOT NULL,
    "STIC_Extensions_PoA" character varying(50) NOT NULL,
    "STIC_Extensions_IorE" character varying(50) NOT NULL,
    "STIC_OC_PremisesNum" character varying(50) NOT NULL,
    "STIC_OC_Sum" character varying(50) NOT NULL,
    "STIC_OC_Construct" integer NOT NULL,
    "STIC_OC_Desc" character varying(50) NOT NULL,
    "STIC_OC_Doc_Sum" character varying(50) NOT NULL,
    "STIC_OC_Doc_Premium" character varying(50) NOT NULL,
    "STIC_OC_LLDoc_Sum" character varying(50) NOT NULL,
    "STIC_OC_LLDoc_Premium" character varying(50) NOT NULL,
    "STIC_OC_RnS_Sum" character varying(50) NOT NULL,
    "STIC_OC_RnS_Premium" character varying(50) NOT NULL,
    "STIC_OC_TheftF_Sum" character varying(50) NOT NULL,
    "STIC_OC_TheftF_Premium" character varying(50) NOT NULL,
    "STIC_OC_Theft_Sum" character varying(50) NOT NULL,
    "STIC_OC_Theft_Premium" character varying(50) NOT NULL,
    "STIC_OC_Total_Premium" character varying(50) NOT NULL,
    "STIC_BusInt_Basis" character varying(50) NOT NULL,
    "STIC_BusInt_Indemnity" character varying(50) NOT NULL,
    "STIC_BusInt_Suppliers" integer NOT NULL,
    status integer NOT NULL,
    created_at timestamp with time zone NOT NULL,
    updated_at timestamp with time zone NOT NULL,
    "STIC_BuildCombined_ItemNumber" character varying(50) NOT NULL,
    "STIC_BuildCombined_Limit" character varying(50) NOT NULL,
    "STIC_BuildCombined_PremNumber" character varying(50) NOT NULL,
    "STIC_BuildCombined_Premium" character varying(50) NOT NULL,
    "STIC_BusInt2_Comments" character varying(256) NOT NULL,
    "STIC_BusInt2_TotalPremium" character varying(50) NOT NULL,
    "STIC_BusInt_Comments" character varying(256) NOT NULL,
    "STIC_BusInt_IndemPer" character varying(50) NOT NULL,
    "STIC_BusInt_ItemNumber" character varying(50) NOT NULL,
    "STIC_BusInt_Limit" character varying(50) NOT NULL,
    "STIC_BusInt_PremNumber" character varying(50) NOT NULL,
    "STIC_BusInt_PremisesNumber" character varying(50) NOT NULL,
    "STIC_BusInt_Premium" character varying(50) NOT NULL,
    "STIC_BusInt_TotalPremium" character varying(50) NOT NULL,
    "STIC_BusInt_Type1" integer NOT NULL,
    "STIC_BusInt_Type10" character varying(50) NOT NULL,
    "STIC_BusInt_Type11" integer NOT NULL,
    "STIC_BusInt_Type11_1" character varying(50) NOT NULL,
    "STIC_BusInt_Type13" character varying(50) NOT NULL,
    "STIC_BusInt_Type14" integer NOT NULL,
    "STIC_BusInt_Type14_1" character varying(50) NOT NULL,
    "STIC_BusInt_Type15" integer NOT NULL,
    "STIC_BusInt_Type15_1" character varying(50) NOT NULL,
    "STIC_BusInt_Type16" integer NOT NULL,
    "STIC_BusInt_Type16_1" character varying(50) NOT NULL,
    "STIC_BusInt_Type17" character varying(50) NOT NULL,
    "STIC_BusInt_Type18" character varying(50) NOT NULL,
    "STIC_BusInt_Type19" integer NOT NULL,
    "STIC_BusInt_Type19_1" character varying(50) NOT NULL,
    "STIC_BusInt_Type2" integer NOT NULL,
    "STIC_BusInt_Type20" integer NOT NULL,
    "STIC_BusInt_Type20_1" character varying(50) NOT NULL,
    "STIC_BusInt_Type21" integer NOT NULL,
    "STIC_BusInt_Type21_1" character varying(50) NOT NULL,
    "STIC_BusInt_Type2_1" integer NOT NULL,
    "STIC_BusInt_Type2_10" character varying(50) NOT NULL,
    "STIC_BusInt_Type2_11" integer NOT NULL,
    "STIC_BusInt_Type2_11_1" character varying(50) NOT NULL,
    "STIC_BusInt_Type2_13" character varying(50) NOT NULL,
    "STIC_BusInt_Type2_14" integer NOT NULL,
    "STIC_BusInt_Type2_14_1" character varying(50) NOT NULL,
    "STIC_BusInt_Type2_15" integer NOT NULL,
    "STIC_BusInt_Type2_15_1" character varying(50) NOT NULL,
    "STIC_BusInt_Type2_16" integer NOT NULL,
    "STIC_BusInt_Type2_16_1" character varying(50) NOT NULL,
    "STIC_BusInt_Type2_17" character varying(50) NOT NULL,
    "STIC_BusInt_Type2_18" character varying(50) NOT NULL,
    "STIC_BusInt_Type2_19" integer NOT NULL,
    "STIC_BusInt_Type2_19_1" character varying(50) NOT NULL,
    "STIC_BusInt_Type2_2" integer NOT NULL,
    "STIC_BusInt_Type2_20" integer NOT NULL,
    "STIC_BusInt_Type2_20_1" character varying(50) NOT NULL,
    "STIC_BusInt_Type2_21" integer NOT NULL,
    "STIC_BusInt_Type2_21_1" character varying(50) NOT NULL,
    "STIC_BusInt_Type2_3" integer NOT NULL,
    "STIC_BusInt_Type2_4" integer NOT NULL,
    "STIC_BusInt_Type2_5" integer NOT NULL,
    "STIC_BusInt_Type2_6" integer NOT NULL,
    "STIC_BusInt_Type2_7" integer NOT NULL,
    "STIC_BusInt_Type2_8" integer NOT NULL,
    "STIC_BusInt_Type2_9" character varying(50) NOT NULL,
    "STIC_BusInt_Type2_9_1" character varying(50) NOT NULL,
    "STIC_BusInt_Type3" integer NOT NULL,
    "STIC_BusInt_Type4" integer NOT NULL,
    "STIC_BusInt_Type5" integer NOT NULL,
    "STIC_BusInt_Type6" integer NOT NULL,
    "STIC_BusInt_Type7" integer NOT NULL,
    "STIC_BusInt_Type8" integer NOT NULL,
    "STIC_BusInt_Type9" character varying(50) NOT NULL,
    "STIC_BusInt_Type9_1" character varying(50) NOT NULL,
    "STIC_Fire_ItemNumber" character varying(50) NOT NULL,
    "STIC_Fire_Limit" character varying(50) NOT NULL,
    "STIC_Fire_PremNumber" character varying(50) NOT NULL,
    "STIC_Fire_Premium" character varying(50) NOT NULL,
    "STIC_General_Amount" character varying(256) NOT NULL,
    "STIC_General_Insurer" character varying(256) NOT NULL,
    "STIC_General_LossType" character varying(256) NOT NULL,
    "STIC_General_Year" character varying(256) NOT NULL,
    "STIC_OC_ItemNumber" character varying(50) NOT NULL,
    "STIC_OC_Limit" character varying(50) NOT NULL,
    "STIC_OC_PremNumber" character varying(50) NOT NULL,
    "STIC_OC_Premium" character varying(50) NOT NULL,
    "STIC_ProdComp_Accepted1" integer NOT NULL,
    "STIC_ProdComp_Accepted10" integer NOT NULL,
    "STIC_ProdComp_Accepted11" integer NOT NULL,
    "STIC_ProdComp_Accepted12" integer NOT NULL,
    "STIC_ProdComp_Accepted13" integer NOT NULL,
    "STIC_ProdComp_Accepted14" integer NOT NULL,
    "STIC_ProdComp_Accepted15" integer NOT NULL,
    "STIC_ProdComp_Accepted16" integer NOT NULL,
    "STIC_ProdComp_Accepted17" integer NOT NULL,
    "STIC_ProdComp_Accepted18" integer NOT NULL,
    "STIC_ProdComp_Accepted19" integer NOT NULL,
    "STIC_ProdComp_Accepted2" integer NOT NULL,
    "STIC_ProdComp_Accepted20" integer NOT NULL,
    "STIC_ProdComp_Accepted21" integer NOT NULL,
    "STIC_ProdComp_Accepted22" integer NOT NULL,
    "STIC_ProdComp_Accepted23" integer NOT NULL,
    "STIC_ProdComp_Accepted24" integer NOT NULL,
    "STIC_ProdComp_Accepted25" integer NOT NULL,
    "STIC_ProdComp_Accepted26" integer NOT NULL,
    "STIC_ProdComp_Accepted27" integer NOT NULL,
    "STIC_ProdComp_Accepted28" integer NOT NULL,
    "STIC_ProdComp_Accepted29" integer NOT NULL,
    "STIC_ProdComp_Accepted3" integer NOT NULL,
    "STIC_ProdComp_Accepted30" integer NOT NULL,
    "STIC_ProdComp_Accepted31" integer NOT NULL,
    "STIC_ProdComp_Accepted32" integer NOT NULL,
    "STIC_ProdComp_Accepted33" integer NOT NULL,
    "STIC_ProdComp_Accepted34" integer NOT NULL,
    "STIC_ProdComp_Accepted35" integer NOT NULL,
    "STIC_ProdComp_Accepted4" integer NOT NULL,
    "STIC_ProdComp_Accepted5" integer NOT NULL,
    "STIC_ProdComp_Accepted6" integer NOT NULL,
    "STIC_ProdComp_Accepted7" integer NOT NULL,
    "STIC_ProdComp_Accepted8" integer NOT NULL,
    "STIC_ProdComp_Accepted9" integer NOT NULL,
    "STIC_ProdComp_Commission" character varying(50) NOT NULL,
    "STIC_ProdComp_CoverAmount1" character varying(50) NOT NULL,
    "STIC_ProdComp_CoverAmount10" character varying(50) NOT NULL,
    "STIC_ProdComp_CoverAmount11" character varying(50) NOT NULL,
    "STIC_ProdComp_CoverAmount12" character varying(50) NOT NULL,
    "STIC_ProdComp_CoverAmount13" character varying(50) NOT NULL,
    "STIC_ProdComp_CoverAmount14" character varying(50) NOT NULL,
    "STIC_ProdComp_CoverAmount15" character varying(50) NOT NULL,
    "STIC_ProdComp_CoverAmount16" character varying(50) NOT NULL,
    "STIC_ProdComp_CoverAmount17" character varying(50) NOT NULL,
    "STIC_ProdComp_CoverAmount18" character varying(50) NOT NULL,
    "STIC_ProdComp_CoverAmount19" character varying(50) NOT NULL,
    "STIC_ProdComp_CoverAmount2" character varying(50) NOT NULL,
    "STIC_ProdComp_CoverAmount20" character varying(50) NOT NULL,
    "STIC_ProdComp_CoverAmount21" character varying(50) NOT NULL,
    "STIC_ProdComp_CoverAmount22" character varying(50) NOT NULL,
    "STIC_ProdComp_CoverAmount23" character varying(50) NOT NULL,
    "STIC_ProdComp_CoverAmount24" character varying(50) NOT NULL,
    "STIC_ProdComp_CoverAmount25" character varying(50) NOT NULL,
    "STIC_ProdComp_CoverAmount26" character varying(50) NOT NULL,
    "STIC_ProdComp_CoverAmount27" character varying(50) NOT NULL,
    "STIC_ProdComp_CoverAmount28" character varying(50) NOT NULL,
    "STIC_ProdComp_CoverAmount29" character varying(50) NOT NULL,
    "STIC_ProdComp_CoverAmount3" character varying(50) NOT NULL,
    "STIC_ProdComp_CoverAmount30" character varying(50) NOT NULL,
    "STIC_ProdComp_CoverAmount31" character varying(50) NOT NULL,
    "STIC_ProdComp_CoverAmount32" character varying(50) NOT NULL,
    "STIC_ProdComp_CoverAmount33" character varying(50) NOT NULL,
    "STIC_ProdComp_CoverAmount34" character varying(50) NOT NULL,
    "STIC_ProdComp_CoverAmount35" character varying(50) NOT NULL,
    "STIC_ProdComp_CoverAmount4" character varying(50) NOT NULL,
    "STIC_ProdComp_CoverAmount5" character varying(50) NOT NULL,
    "STIC_ProdComp_CoverAmount6" character varying(50) NOT NULL,
    "STIC_ProdComp_CoverAmount7" character varying(50) NOT NULL,
    "STIC_ProdComp_CoverAmount8" character varying(50) NOT NULL,
    "STIC_ProdComp_CoverAmount9" character varying(50) NOT NULL,
    "STIC_ProdComp_ExistP_Excess1" character varying(50) NOT NULL,
    "STIC_ProdComp_ExistP_Excess10" character varying(50) NOT NULL,
    "STIC_ProdComp_ExistP_Excess11" character varying(50) NOT NULL,
    "STIC_ProdComp_ExistP_Excess12" character varying(50) NOT NULL,
    "STIC_ProdComp_ExistP_Excess13" character varying(50) NOT NULL,
    "STIC_ProdComp_ExistP_Excess14" character varying(50) NOT NULL,
    "STIC_ProdComp_ExistP_Excess15" character varying(50) NOT NULL,
    "STIC_ProdComp_ExistP_Excess16" character varying(50) NOT NULL,
    "STIC_ProdComp_ExistP_Excess17" character varying(50) NOT NULL,
    "STIC_ProdComp_ExistP_Excess18" character varying(50) NOT NULL,
    "STIC_ProdComp_ExistP_Excess19" character varying(50) NOT NULL,
    "STIC_ProdComp_ExistP_Excess2" character varying(50) NOT NULL,
    "STIC_ProdComp_ExistP_Excess20" character varying(50) NOT NULL,
    "STIC_ProdComp_ExistP_Excess21" character varying(50) NOT NULL,
    "STIC_ProdComp_ExistP_Excess22" character varying(50) NOT NULL,
    "STIC_ProdComp_ExistP_Excess23" character varying(50) NOT NULL,
    "STIC_ProdComp_ExistP_Excess24" character varying(50) NOT NULL,
    "STIC_ProdComp_ExistP_Excess25" character varying(50) NOT NULL,
    "STIC_ProdComp_ExistP_Excess26" character varying(50) NOT NULL,
    "STIC_ProdComp_ExistP_Excess27" character varying(50) NOT NULL,
    "STIC_ProdComp_ExistP_Excess28" character varying(50) NOT NULL,
    "STIC_ProdComp_ExistP_Excess29" character varying(50) NOT NULL,
    "STIC_ProdComp_ExistP_Excess3" character varying(50) NOT NULL,
    "STIC_ProdComp_ExistP_Excess30" character varying(50) NOT NULL,
    "STIC_ProdComp_ExistP_Excess31" character varying(50) NOT NULL,
    "STIC_ProdComp_ExistP_Excess32" character varying(50) NOT NULL,
    "STIC_ProdComp_ExistP_Excess33" character varying(50) NOT NULL,
    "STIC_ProdComp_ExistP_Excess34" character varying(50) NOT NULL,
    "STIC_ProdComp_ExistP_Excess35" character varying(50) NOT NULL,
    "STIC_ProdComp_ExistP_Excess4" character varying(50) NOT NULL,
    "STIC_ProdComp_ExistP_Excess5" character varying(50) NOT NULL,
    "STIC_ProdComp_ExistP_Excess6" character varying(50) NOT NULL,
    "STIC_ProdComp_ExistP_Excess7" character varying(50) NOT NULL,
    "STIC_ProdComp_ExistP_Excess8" character varying(50) NOT NULL,
    "STIC_ProdComp_ExistP_Excess9" character varying(50) NOT NULL,
    "STIC_ProdComp_ExistP_Premium1" character varying(50) NOT NULL,
    "STIC_ProdComp_ExistP_Premium10" character varying(50) NOT NULL,
    "STIC_ProdComp_ExistP_Premium11" character varying(50) NOT NULL,
    "STIC_ProdComp_ExistP_Premium12" character varying(50) NOT NULL,
    "STIC_ProdComp_ExistP_Premium13" character varying(50) NOT NULL,
    "STIC_ProdComp_ExistP_Premium14" character varying(50) NOT NULL,
    "STIC_ProdComp_ExistP_Premium15" character varying(50) NOT NULL,
    "STIC_ProdComp_ExistP_Premium16" character varying(50) NOT NULL,
    "STIC_ProdComp_ExistP_Premium17" character varying(50) NOT NULL,
    "STIC_ProdComp_ExistP_Premium18" character varying(50) NOT NULL,
    "STIC_ProdComp_ExistP_Premium19" character varying(50) NOT NULL,
    "STIC_ProdComp_ExistP_Premium2" character varying(50) NOT NULL,
    "STIC_ProdComp_ExistP_Premium20" character varying(50) NOT NULL,
    "STIC_ProdComp_ExistP_Premium21" character varying(50) NOT NULL,
    "STIC_ProdComp_ExistP_Premium22" character varying(50) NOT NULL,
    "STIC_ProdComp_ExistP_Premium23" character varying(50) NOT NULL,
    "STIC_ProdComp_ExistP_Premium24" character varying(50) NOT NULL,
    "STIC_ProdComp_ExistP_Premium25" character varying(50) NOT NULL,
    "STIC_ProdComp_ExistP_Premium26" character varying(50) NOT NULL,
    "STIC_ProdComp_ExistP_Premium27" character varying(50) NOT NULL,
    "STIC_ProdComp_ExistP_Premium28" character varying(50) NOT NULL,
    "STIC_ProdComp_ExistP_Premium29" character varying(50) NOT NULL,
    "STIC_ProdComp_ExistP_Premium3" character varying(50) NOT NULL,
    "STIC_ProdComp_ExistP_Premium30" character varying(50) NOT NULL,
    "STIC_ProdComp_ExistP_Premium31" character varying(50) NOT NULL,
    "STIC_ProdComp_ExistP_Premium32" character varying(50) NOT NULL,
    "STIC_ProdComp_ExistP_Premium33" character varying(50) NOT NULL,
    "STIC_ProdComp_ExistP_Premium34" character varying(50) NOT NULL,
    "STIC_ProdComp_ExistP_Premium35" character varying(50) NOT NULL,
    "STIC_ProdComp_ExistP_Premium4" character varying(50) NOT NULL,
    "STIC_ProdComp_ExistP_Premium5" character varying(50) NOT NULL,
    "STIC_ProdComp_ExistP_Premium6" character varying(50) NOT NULL,
    "STIC_ProdComp_ExistP_Premium7" character varying(50) NOT NULL,
    "STIC_ProdComp_ExistP_Premium8" character varying(50) NOT NULL,
    "STIC_ProdComp_ExistP_Premium9" character varying(50) NOT NULL,
    "STIC_ProdComp_Existing_Company" character varying(256) NOT NULL,
    "STIC_ProdComp_Existing_Product" character varying(256) NOT NULL,
    "STIC_ProdComp_Existing_Provider" character varying(256) NOT NULL,
    "STIC_ProdComp_FeeNCharges" character varying(50) NOT NULL,
    "STIC_ProdComp_RecommP_Excess1" character varying(50) NOT NULL,
    "STIC_ProdComp_RecommP_Excess10" character varying(50) NOT NULL,
    "STIC_ProdComp_RecommP_Excess11" character varying(50) NOT NULL,
    "STIC_ProdComp_RecommP_Excess12" character varying(50) NOT NULL,
    "STIC_ProdComp_RecommP_Excess13" character varying(50) NOT NULL,
    "STIC_ProdComp_RecommP_Excess14" character varying(50) NOT NULL,
    "STIC_ProdComp_RecommP_Excess15" character varying(50) NOT NULL,
    "STIC_ProdComp_RecommP_Excess16" character varying(50) NOT NULL,
    "STIC_ProdComp_RecommP_Excess17" character varying(50) NOT NULL,
    "STIC_ProdComp_RecommP_Excess18" character varying(50) NOT NULL,
    "STIC_ProdComp_RecommP_Excess19" character varying(50) NOT NULL,
    "STIC_ProdComp_RecommP_Excess2" character varying(50) NOT NULL,
    "STIC_ProdComp_RecommP_Excess20" character varying(50) NOT NULL,
    "STIC_ProdComp_RecommP_Excess21" character varying(50) NOT NULL,
    "STIC_ProdComp_RecommP_Excess22" character varying(50) NOT NULL,
    "STIC_ProdComp_RecommP_Excess23" character varying(50) NOT NULL,
    "STIC_ProdComp_RecommP_Excess24" character varying(50) NOT NULL,
    "STIC_ProdComp_RecommP_Excess25" character varying(50) NOT NULL,
    "STIC_ProdComp_RecommP_Excess26" character varying(50) NOT NULL,
    "STIC_ProdComp_RecommP_Excess27" character varying(50) NOT NULL,
    "STIC_ProdComp_RecommP_Excess28" character varying(50) NOT NULL,
    "STIC_ProdComp_RecommP_Excess29" character varying(50) NOT NULL,
    "STIC_ProdComp_RecommP_Excess3" character varying(50) NOT NULL,
    "STIC_ProdComp_RecommP_Excess30" character varying(50) NOT NULL,
    "STIC_ProdComp_RecommP_Excess31" character varying(50) NOT NULL,
    "STIC_ProdComp_RecommP_Excess32" character varying(50) NOT NULL,
    "STIC_ProdComp_RecommP_Excess33" character varying(50) NOT NULL,
    "STIC_ProdComp_RecommP_Excess34" character varying(50) NOT NULL,
    "STIC_ProdComp_RecommP_Excess35" character varying(50) NOT NULL,
    "STIC_ProdComp_RecommP_Excess4" character varying(50) NOT NULL,
    "STIC_ProdComp_RecommP_Excess5" character varying(50) NOT NULL,
    "STIC_ProdComp_RecommP_Excess6" character varying(50) NOT NULL,
    "STIC_ProdComp_RecommP_Excess7" character varying(50) NOT NULL,
    "STIC_ProdComp_RecommP_Excess8" character varying(50) NOT NULL,
    "STIC_ProdComp_RecommP_Excess9" character varying(50) NOT NULL,
    "STIC_ProdComp_RecommP_Premium1" character varying(50) NOT NULL,
    "STIC_ProdComp_RecommP_Premium10" character varying(50) NOT NULL,
    "STIC_ProdComp_RecommP_Premium11" character varying(50) NOT NULL,
    "STIC_ProdComp_RecommP_Premium12" character varying(50) NOT NULL,
    "STIC_ProdComp_RecommP_Premium13" character varying(50) NOT NULL,
    "STIC_ProdComp_RecommP_Premium14" character varying(50) NOT NULL,
    "STIC_ProdComp_RecommP_Premium15" character varying(50) NOT NULL,
    "STIC_ProdComp_RecommP_Premium16" character varying(50) NOT NULL,
    "STIC_ProdComp_RecommP_Premium17" character varying(50) NOT NULL,
    "STIC_ProdComp_RecommP_Premium18" character varying(50) NOT NULL,
    "STIC_ProdComp_RecommP_Premium19" character varying(50) NOT NULL,
    "STIC_ProdComp_RecommP_Premium2" character varying(50) NOT NULL,
    "STIC_ProdComp_RecommP_Premium20" character varying(50) NOT NULL,
    "STIC_ProdComp_RecommP_Premium21" character varying(50) NOT NULL,
    "STIC_ProdComp_RecommP_Premium22" character varying(50) NOT NULL,
    "STIC_ProdComp_RecommP_Premium23" character varying(50) NOT NULL,
    "STIC_ProdComp_RecommP_Premium24" character varying(50) NOT NULL,
    "STIC_ProdComp_RecommP_Premium25" character varying(50) NOT NULL,
    "STIC_ProdComp_RecommP_Premium26" character varying(50) NOT NULL,
    "STIC_ProdComp_RecommP_Premium27" character varying(50) NOT NULL,
    "STIC_ProdComp_RecommP_Premium28" character varying(50) NOT NULL,
    "STIC_ProdComp_RecommP_Premium29" character varying(50) NOT NULL,
    "STIC_ProdComp_RecommP_Premium3" character varying(50) NOT NULL,
    "STIC_ProdComp_RecommP_Premium30" character varying(50) NOT NULL,
    "STIC_ProdComp_RecommP_Premium31" character varying(50) NOT NULL,
    "STIC_ProdComp_RecommP_Premium32" character varying(50) NOT NULL,
    "STIC_ProdComp_RecommP_Premium33" character varying(50) NOT NULL,
    "STIC_ProdComp_RecommP_Premium34" character varying(50) NOT NULL,
    "STIC_ProdComp_RecommP_Premium35" character varying(50) NOT NULL,
    "STIC_ProdComp_RecommP_Premium4" character varying(50) NOT NULL,
    "STIC_ProdComp_RecommP_Premium5" character varying(50) NOT NULL,
    "STIC_ProdComp_RecommP_Premium6" character varying(50) NOT NULL,
    "STIC_ProdComp_RecommP_Premium7" character varying(50) NOT NULL,
    "STIC_ProdComp_RecommP_Premium8" character varying(50) NOT NULL,
    "STIC_ProdComp_RecommP_Premium9" character varying(50) NOT NULL,
    "STIC_ProdComp_Recommended1" integer NOT NULL,
    "STIC_ProdComp_Recommended10" integer NOT NULL,
    "STIC_ProdComp_Recommended11" integer NOT NULL,
    "STIC_ProdComp_Recommended12" integer NOT NULL,
    "STIC_ProdComp_Recommended13" integer NOT NULL,
    "STIC_ProdComp_Recommended14" integer NOT NULL,
    "STIC_ProdComp_Recommended15" integer NOT NULL,
    "STIC_ProdComp_Recommended16" integer NOT NULL,
    "STIC_ProdComp_Recommended17" integer NOT NULL,
    "STIC_ProdComp_Recommended18" integer NOT NULL,
    "STIC_ProdComp_Recommended19" integer NOT NULL,
    "STIC_ProdComp_Recommended2" integer NOT NULL,
    "STIC_ProdComp_Recommended20" integer NOT NULL,
    "STIC_ProdComp_Recommended21" integer NOT NULL,
    "STIC_ProdComp_Recommended22" integer NOT NULL,
    "STIC_ProdComp_Recommended23" integer NOT NULL,
    "STIC_ProdComp_Recommended24" integer NOT NULL,
    "STIC_ProdComp_Recommended25" integer NOT NULL,
    "STIC_ProdComp_Recommended26" integer NOT NULL,
    "STIC_ProdComp_Recommended27" integer NOT NULL,
    "STIC_ProdComp_Recommended28" integer NOT NULL,
    "STIC_ProdComp_Recommended29" integer NOT NULL,
    "STIC_ProdComp_Recommended3" integer NOT NULL,
    "STIC_ProdComp_Recommended30" integer NOT NULL,
    "STIC_ProdComp_Recommended31" integer NOT NULL,
    "STIC_ProdComp_Recommended32" integer NOT NULL,
    "STIC_ProdComp_Recommended33" integer NOT NULL,
    "STIC_ProdComp_Recommended34" integer NOT NULL,
    "STIC_ProdComp_Recommended35" integer NOT NULL,
    "STIC_ProdComp_Recommended4" integer NOT NULL,
    "STIC_ProdComp_Recommended5" integer NOT NULL,
    "STIC_ProdComp_Recommended6" integer NOT NULL,
    "STIC_ProdComp_Recommended7" integer NOT NULL,
    "STIC_ProdComp_Recommended8" integer NOT NULL,
    "STIC_ProdComp_Recommended9" integer NOT NULL,
    "STIC_ProdComp_Replacement_Company" character varying(256) NOT NULL,
    "STIC_ProdComp_Replacement_Product" character varying(256) NOT NULL,
    "STIC_ProdComp_Replacement_Provider" character varying(256) NOT NULL,
    "STIC_ProdComp_TotalPremium" character varying(50) NOT NULL,
    "STIC_Replacement_Purpose" character varying(256) NOT NULL,
    "STIC_Sec10_1" character varying(50) NOT NULL,
    "STIC_Sec10_2" character varying(50) NOT NULL,
    "STIC_Sec10_3" character varying(50) NOT NULL,
    "STIC_Sec10_4" character varying(50) NOT NULL,
    "STIC_Sec10_5" character varying(50) NOT NULL,
    "STIC_Sec10_6" character varying(50) NOT NULL,
    "STIC_Sec10_7" character varying(50) NOT NULL,
    "STIC_Sec10_AnnualPremium" character varying(256) NOT NULL,
    "STIC_Sec10_Comments" character varying(256) NOT NULL,
    "STIC_Sec10_Extension_Included1" integer NOT NULL,
    "STIC_Sec10_Extension_Included2" integer NOT NULL,
    "STIC_Sec10_Extension_Included3" integer NOT NULL,
    "STIC_Sec10_Extension_Included4" integer NOT NULL,
    "STIC_Sec10_Extension_Limit1" character varying(50) NOT NULL,
    "STIC_Sec10_Extension_Limit2" character varying(50) NOT NULL,
    "STIC_Sec10_Extension_Limit3" character varying(50) NOT NULL,
    "STIC_Sec10_Extension_Limit4" character varying(50) NOT NULL,
    "STIC_Sec10_Extension_Premium1" character varying(50) NOT NULL,
    "STIC_Sec10_Extension_Premium2" character varying(50) NOT NULL,
    "STIC_Sec10_Extension_Premium3" character varying(50) NOT NULL,
    "STIC_Sec10_Extension_Premium4" character varying(50) NOT NULL,
    "STIC_Sec10_ItemNumber" character varying(50) NOT NULL,
    "STIC_Sec10_Limit" character varying(50) NOT NULL,
    "STIC_Sec10_PremNumber" character varying(50) NOT NULL,
    "STIC_Sec10_Premium" character varying(50) NOT NULL,
    "STIC_Sec11_1" integer NOT NULL,
    "STIC_Sec11_10" character varying(50) NOT NULL,
    "STIC_Sec11_2" character varying(50) NOT NULL,
    "STIC_Sec11_3" character varying(50) NOT NULL,
    "STIC_Sec11_4" character varying(50) NOT NULL,
    "STIC_Sec11_5" character varying(50) NOT NULL,
    "STIC_Sec11_6" character varying(50) NOT NULL,
    "STIC_Sec11_7" character varying(50) NOT NULL,
    "STIC_Sec11_8" character varying(50) NOT NULL,
    "STIC_Sec11_9" character varying(50) NOT NULL,
    "STIC_Sec11_AnnualPremium" character varying(256) NOT NULL,
    "STIC_Sec11_Comments" character varying(256) NOT NULL,
    "STIC_Sec11_ItemNumber" character varying(50) NOT NULL,
    "STIC_Sec11_Limit" character varying(50) NOT NULL,
    "STIC_Sec11_PremNumber" character varying(50) NOT NULL,
    "STIC_Sec11_Premium" character varying(50) NOT NULL,
    "STIC_Sec12_1" character varying(50) NOT NULL,
    "STIC_Sec12_2" character varying(50) NOT NULL,
    "STIC_Sec12_3" character varying(50) NOT NULL,
    "STIC_Sec12_4" character varying(50) NOT NULL,
    "STIC_Sec12_5" character varying(50) NOT NULL,
    "STIC_Sec12_6" character varying(50) NOT NULL,
    "STIC_Sec12_AnnualPremium" character varying(256) NOT NULL,
    "STIC_Sec12_Comments" character varying(256) NOT NULL,
    "STIC_Sec12_Extension_Included1" integer NOT NULL,
    "STIC_Sec12_Extension_Included2" integer NOT NULL,
    "STIC_Sec12_Extension_Included3" integer NOT NULL,
    "STIC_Sec12_Extension_Included4" integer NOT NULL,
    "STIC_Sec12_Extension_Included5" integer NOT NULL,
    "STIC_Sec12_ItemNumber" character varying(50) NOT NULL,
    "STIC_Sec12_Limit" character varying(50) NOT NULL,
    "STIC_Sec12_PremNumber" character varying(50) NOT NULL,
    "STIC_Sec12_Premium" character varying(50) NOT NULL,
    "STIC_Sec13_1" character varying(50) NOT NULL,
    "STIC_Sec13_10" character varying(50) NOT NULL,
    "STIC_Sec13_11" character varying(50) NOT NULL,
    "STIC_Sec13_12" integer NOT NULL,
    "STIC_Sec13_13" character varying(50) NOT NULL,
    "STIC_Sec13_14" character varying(50) NOT NULL,
    "STIC_Sec13_15" character varying(50) NOT NULL,
    "STIC_Sec13_16" integer NOT NULL,
    "STIC_Sec13_17" character varying(50) NOT NULL,
    "STIC_Sec13_18" character varying(50) NOT NULL,
    "STIC_Sec13_19" character varying(50) NOT NULL,
    "STIC_Sec13_2" character varying(50) NOT NULL,
    "STIC_Sec13_20" integer NOT NULL,
    "STIC_Sec13_21" character varying(50) NOT NULL,
    "STIC_Sec13_22" character varying(50) NOT NULL,
    "STIC_Sec13_23" character varying(50) NOT NULL,
    "STIC_Sec13_24" integer NOT NULL,
    "STIC_Sec13_25" character varying(50) NOT NULL,
    "STIC_Sec13_26" character varying(50) NOT NULL,
    "STIC_Sec13_27" character varying(50) NOT NULL,
    "STIC_Sec13_28" integer NOT NULL,
    "STIC_Sec13_29" character varying(50) NOT NULL,
    "STIC_Sec13_3" character varying(50) NOT NULL,
    "STIC_Sec13_30" integer NOT NULL,
    "STIC_Sec13_31" integer NOT NULL,
    "STIC_Sec13_32" integer NOT NULL,
    "STIC_Sec13_4" character varying(50) NOT NULL,
    "STIC_Sec13_5" character varying(50) NOT NULL,
    "STIC_Sec13_6" character varying(50) NOT NULL,
    "STIC_Sec13_7" integer NOT NULL,
    "STIC_Sec13_8" character varying(50) NOT NULL,
    "STIC_Sec13_9" character varying(50) NOT NULL,
    "STIC_Sec13_AnnualPremium" character varying(256) NOT NULL,
    "STIC_Sec13_Comments" character varying(256) NOT NULL,
    "STIC_Sec13_ItemNumber" character varying(50) NOT NULL,
    "STIC_Sec13_Limit" character varying(50) NOT NULL,
    "STIC_Sec13_PremNumber" character varying(50) NOT NULL,
    "STIC_Sec13_Premium" character varying(50) NOT NULL,
    "STIC_Sec14_1" character varying(50) NOT NULL,
    "STIC_Sec14_2" character varying(50) NOT NULL,
    "STIC_Sec14_3" character varying(50) NOT NULL,
    "STIC_Sec14_4" character varying(50) NOT NULL,
    "STIC_Sec14_5" character varying(50) NOT NULL,
    "STIC_Sec14_6" character varying(50) NOT NULL,
    "STIC_Sec14_Accepted1" integer NOT NULL,
    "STIC_Sec14_Accepted10" integer NOT NULL,
    "STIC_Sec14_Accepted11" integer NOT NULL,
    "STIC_Sec14_Accepted12" integer NOT NULL,
    "STIC_Sec14_Accepted2" integer NOT NULL,
    "STIC_Sec14_Accepted3" integer NOT NULL,
    "STIC_Sec14_Accepted4" integer NOT NULL,
    "STIC_Sec14_Accepted5" integer NOT NULL,
    "STIC_Sec14_Accepted6" integer NOT NULL,
    "STIC_Sec14_Accepted7" integer NOT NULL,
    "STIC_Sec14_Accepted8" integer NOT NULL,
    "STIC_Sec14_Accepted9" integer NOT NULL,
    "STIC_Sec14_CoverAmount1" character varying(50) NOT NULL,
    "STIC_Sec14_CoverAmount10" character varying(50) NOT NULL,
    "STIC_Sec14_CoverAmount11" character varying(50) NOT NULL,
    "STIC_Sec14_CoverAmount12" character varying(50) NOT NULL,
    "STIC_Sec14_CoverAmount2" character varying(50) NOT NULL,
    "STIC_Sec14_CoverAmount3" character varying(50) NOT NULL,
    "STIC_Sec14_CoverAmount4" character varying(50) NOT NULL,
    "STIC_Sec14_CoverAmount5" character varying(50) NOT NULL,
    "STIC_Sec14_CoverAmount6" character varying(50) NOT NULL,
    "STIC_Sec14_CoverAmount7" character varying(50) NOT NULL,
    "STIC_Sec14_CoverAmount8" character varying(50) NOT NULL,
    "STIC_Sec14_CoverAmount9" character varying(50) NOT NULL,
    "STIC_Sec14_ItemNumber" character varying(50) NOT NULL,
    "STIC_Sec14_Limit" character varying(50) NOT NULL,
    "STIC_Sec14_PremNumber" character varying(50) NOT NULL,
    "STIC_Sec14_Premium" character varying(50) NOT NULL,
    "STIC_Sec14_Recommended1" integer NOT NULL,
    "STIC_Sec14_Recommended10" integer NOT NULL,
    "STIC_Sec14_Recommended11" integer NOT NULL,
    "STIC_Sec14_Recommended12" integer NOT NULL,
    "STIC_Sec14_Recommended3" integer NOT NULL,
    "STIC_Sec14_Recommended4" integer NOT NULL,
    "STIC_Sec14_Recommended5" integer NOT NULL,
    "STIC_Sec14_Recommended6" integer NOT NULL,
    "STIC_Sec14_Recommended7" integer NOT NULL,
    "STIC_Sec14_Recommended8" integer NOT NULL,
    "STIC_Sec14_Recommended9" integer NOT NULL,
    "STIC_Sec15_1" character varying(50) NOT NULL,
    "STIC_Sec15_1_1" character varying(50) NOT NULL,
    "STIC_Sec15_2" character varying(50) NOT NULL,
    "STIC_Sec15_2_1" character varying(50) NOT NULL,
    "STIC_Sec15_3" character varying(50) NOT NULL,
    "STIC_Sec15_3_1" character varying(50) NOT NULL,
    "STIC_Sec15_AnnualPremium" character varying(256) NOT NULL,
    "STIC_Sec15_Comments" character varying(256) NOT NULL,
    "STIC_Sec15_ItemNumber" character varying(50) NOT NULL,
    "STIC_Sec15_Limit" character varying(50) NOT NULL,
    "STIC_Sec15_PremNumber" character varying(50) NOT NULL,
    "STIC_Sec15_Premium" character varying(50) NOT NULL,
    "STIC_Sec16_1" character varying(50) NOT NULL,
    "STIC_Sec16_10" integer NOT NULL,
    "STIC_Sec16_2" character varying(50) NOT NULL,
    "STIC_Sec16_3" character varying(50) NOT NULL,
    "STIC_Sec16_4" character varying(50) NOT NULL,
    "STIC_Sec16_5" character varying(50) NOT NULL,
    "STIC_Sec16_6" character varying(50) NOT NULL,
    "STIC_Sec16_7" character varying(50) NOT NULL,
    "STIC_Sec16_8" character varying(50) NOT NULL,
    "STIC_Sec16_9" character varying(50) NOT NULL,
    "STIC_Sec16_AnnualPremium" character varying(256) NOT NULL,
    "STIC_Sec16_Comments" character varying(256) NOT NULL,
    "STIC_Sec16_Extension1" integer NOT NULL,
    "STIC_Sec16_Extension2" integer NOT NULL,
    "STIC_Sec16_Extension3" integer NOT NULL,
    "STIC_Sec16_Extension4" integer NOT NULL,
    "STIC_Sec16_Extension5" integer NOT NULL,
    "STIC_Sec16_Extension6" integer NOT NULL,
    "STIC_Sec16_Extension7" integer NOT NULL,
    "STIC_Sec16_Extension8" integer NOT NULL,
    "STIC_Sec16_Extension9" integer NOT NULL,
    "STIC_Sec16_ItemNumber" character varying(50) NOT NULL,
    "STIC_Sec16_Limit" character varying(50) NOT NULL,
    "STIC_Sec16_PremNumber" character varying(50) NOT NULL,
    "STIC_Sec16_Premium" character varying(50) NOT NULL,
    "STIC_Sec17_1" character varying(50) NOT NULL,
    "STIC_Sec17_10" integer NOT NULL,
    "STIC_Sec17_2" character varying(50) NOT NULL,
    "STIC_Sec17_3" character varying(50) NOT NULL,
    "STIC_Sec17_4" character varying(50) NOT NULL,
    "STIC_Sec17_5" character varying(50) NOT NULL,
    "STIC_Sec17_6" integer NOT NULL,
    "STIC_Sec17_7" character varying(50) NOT NULL,
    "STIC_Sec17_8" character varying(50) NOT NULL,
    "STIC_Sec17_9" character varying(50) NOT NULL,
    "STIC_Sec17_AnnualPremium" character varying(256) NOT NULL,
    "STIC_Sec17_Comments" character varying(256) NOT NULL,
    "STIC_Sec17_Extension1" integer NOT NULL,
    "STIC_Sec17_Extension2" integer NOT NULL,
    "STIC_Sec17_Extension3" integer NOT NULL,
    "STIC_Sec17_Extension4" integer NOT NULL,
    "STIC_Sec17_Extension5" integer NOT NULL,
    "STIC_Sec17_Extension6" integer NOT NULL,
    "STIC_Sec17_Extension7" integer NOT NULL,
    "STIC_Sec17_Extension8" integer NOT NULL,
    "STIC_Sec17_Extension9" integer NOT NULL,
    "STIC_Sec17_ExtensionLimit1" character varying(50) NOT NULL,
    "STIC_Sec17_ExtensionLimit2" character varying(50) NOT NULL,
    "STIC_Sec17_ExtensionLimit3" character varying(50) NOT NULL,
    "STIC_Sec17_ExtensionLimit4" character varying(50) NOT NULL,
    "STIC_Sec17_ExtensionLimit5" character varying(50) NOT NULL,
    "STIC_Sec17_ExtensionLimit6" character varying(50) NOT NULL,
    "STIC_Sec17_ExtensionLimit7" character varying(50) NOT NULL,
    "STIC_Sec17_ExtensionLimit8" character varying(50) NOT NULL,
    "STIC_Sec17_ExtensionLimit9" character varying(50) NOT NULL,
    "STIC_Sec17_ExtensionPremium1" character varying(50) NOT NULL,
    "STIC_Sec17_ExtensionPremium2" character varying(50) NOT NULL,
    "STIC_Sec17_ExtensionPremium3" character varying(50) NOT NULL,
    "STIC_Sec17_ExtensionPremium4" character varying(50) NOT NULL,
    "STIC_Sec17_ExtensionPremium5" character varying(50) NOT NULL,
    "STIC_Sec17_ExtensionPremium6" character varying(50) NOT NULL,
    "STIC_Sec17_ExtensionPremium7" character varying(50) NOT NULL,
    "STIC_Sec17_ExtensionPremium8" character varying(50) NOT NULL,
    "STIC_Sec17_ExtensionPremium9" character varying(50) NOT NULL,
    "STIC_Sec17_ItemNumber" character varying(50) NOT NULL,
    "STIC_Sec17_Limit" character varying(50) NOT NULL,
    "STIC_Sec17_PremNumber" character varying(50) NOT NULL,
    "STIC_Sec17_Premium" character varying(50) NOT NULL,
    "STIC_Sec18_1" character varying(50) NOT NULL,
    "STIC_Sec18_10" character varying(50) NOT NULL,
    "STIC_Sec18_11" character varying(50) NOT NULL,
    "STIC_Sec18_12" character varying(50) NOT NULL,
    "STIC_Sec18_13" character varying(50) NOT NULL,
    "STIC_Sec18_14" character varying(50) NOT NULL,
    "STIC_Sec18_15" character varying(50) NOT NULL,
    "STIC_Sec18_16" character varying(50) NOT NULL,
    "STIC_Sec18_17" character varying(50) NOT NULL,
    "STIC_Sec18_18" character varying(50) NOT NULL,
    "STIC_Sec18_19" character varying(50) NOT NULL,
    "STIC_Sec18_2" character varying(50) NOT NULL,
    "STIC_Sec18_20" integer NOT NULL,
    "STIC_Sec18_21" character varying(50) NOT NULL,
    "STIC_Sec18_22" character varying(50) NOT NULL,
    "STIC_Sec18_23" character varying(50) NOT NULL,
    "STIC_Sec18_24" character varying(50) NOT NULL,
    "STIC_Sec18_25" character varying(50) NOT NULL,
    "STIC_Sec18_26" character varying(50) NOT NULL,
    "STIC_Sec18_27" character varying(50) NOT NULL,
    "STIC_Sec18_3" character varying(50) NOT NULL,
    "STIC_Sec18_4" character varying(50) NOT NULL,
    "STIC_Sec18_5" character varying(50) NOT NULL,
    "STIC_Sec18_6" character varying(50) NOT NULL,
    "STIC_Sec18_7" character varying(50) NOT NULL,
    "STIC_Sec18_8" character varying(50) NOT NULL,
    "STIC_Sec18_9" character varying(50) NOT NULL,
    "STIC_Sec18_Comments" character varying(256) NOT NULL,
    "STIC_Sec18_Extension1" integer NOT NULL,
    "STIC_Sec18_Extension1_1" character varying(50) NOT NULL,
    "STIC_Sec18_Extension1_2" character varying(50) NOT NULL,
    "STIC_Sec18_Extension2" integer NOT NULL,
    "STIC_Sec18_Extension2_1" character varying(50) NOT NULL,
    "STIC_Sec18_Extension3" integer NOT NULL,
    "STIC_Sec18_Extension3_1" character varying(50) NOT NULL,
    "STIC_Sec18_Extension4" integer NOT NULL,
    "STIC_Sec18_Extension4_1" character varying(50) NOT NULL,
    "STIC_Sec18_Extension5" integer NOT NULL,
    "STIC_Sec18_Extension5_1" character varying(50) NOT NULL,
    "STIC_Sec18_Extension6" integer NOT NULL,
    "STIC_Sec18_Extension6_1" character varying(50) NOT NULL,
    "STIC_Sec18_FaP1" integer NOT NULL,
    "STIC_Sec18_FaP1_1" character varying(50) NOT NULL,
    "STIC_Sec18_FaP1_2" character varying(50) NOT NULL,
    "STIC_Sec18_FaP2" integer NOT NULL,
    "STIC_Sec18_FaP2_1" character varying(50) NOT NULL,
    "STIC_Sec18_FaP2_2" character varying(50) NOT NULL,
    "STIC_Sec18_FaP3" integer NOT NULL,
    "STIC_Sec18_FaP3_1" character varying(50) NOT NULL,
    "STIC_Sec18_FaP3_2" character varying(50) NOT NULL,
    "STIC_Sec18_FaP4" integer NOT NULL,
    "STIC_Sec18_FaP4_1" character varying(50) NOT NULL,
    "STIC_Sec18_FaP4_2" character varying(50) NOT NULL,
    "STIC_Sec18_FaP5" integer NOT NULL,
    "STIC_Sec18_FaP5_1" character varying(50) NOT NULL,
    "STIC_Sec18_FaP5_2" character varying(50) NOT NULL,
    "STIC_Sec18_FaP6" integer NOT NULL,
    "STIC_Sec18_FaP6_1" character varying(50) NOT NULL,
    "STIC_Sec18_FaP6_2" character varying(50) NOT NULL,
    "STIC_Sec18_ItemNumber" character varying(50) NOT NULL,
    "STIC_Sec18_Limit" character varying(50) NOT NULL,
    "STIC_Sec18_PremNumber" character varying(50) NOT NULL,
    "STIC_Sec18_Premium" character varying(50) NOT NULL,
    "STIC_Sec19_AnnualPremium" character varying(256) NOT NULL,
    "STIC_Sec19_Comments" character varying(256) NOT NULL,
    "STIC_Sec19_Extension1" integer NOT NULL,
    "STIC_Sec19_Extension2" integer NOT NULL,
    "STIC_Sec19_Extension_Premium1" character varying(50) NOT NULL,
    "STIC_Sec19_Extension_Premium2" character varying(50) NOT NULL,
    "STIC_Sec19_ItemNumber" character varying(50) NOT NULL,
    "STIC_Sec19_Limit" character varying(50) NOT NULL,
    "STIC_Sec19_Part1_1" character varying(50) NOT NULL,
    "STIC_Sec19_Part1_2" character varying(50) NOT NULL,
    "STIC_Sec19_Part1_3" character varying(50) NOT NULL,
    "STIC_Sec19_Part1_4" character varying(50) NOT NULL,
    "STIC_Sec19_Part1_5" character varying(50) NOT NULL,
    "STIC_Sec19_Part1_6" character varying(50) NOT NULL,
    "STIC_Sec19_Part1_7" character varying(50) NOT NULL,
    "STIC_Sec19_Part1_8" character varying(50) NOT NULL,
    "STIC_Sec19_Part1_9" character varying(50) NOT NULL,
    "STIC_Sec19_Part2_1" character varying(50) NOT NULL,
    "STIC_Sec19_Part2_2" character varying(50) NOT NULL,
    "STIC_Sec19_Part2_3" character varying(50) NOT NULL,
    "STIC_Sec19_Part2_4" character varying(50) NOT NULL,
    "STIC_Sec19_Part2_5" character varying(50) NOT NULL,
    "STIC_Sec19_PremNumber" character varying(50) NOT NULL,
    "STIC_Sec19_Premium" character varying(50) NOT NULL,
    "STIC_Sec19_RoD_1" character varying(50) NOT NULL,
    "STIC_Sec19_RoD_2" character varying(50) NOT NULL,
    "STIC_Sec19_RoD_3" character varying(50) NOT NULL,
    "STIC_Sec19_RoD_4" character varying(50) NOT NULL,
    "STIC_Sec19_RoD_5" character varying(50) NOT NULL,
    "STIC_Sec20_1" character varying(50) NOT NULL,
    "STIC_Sec20_2" character varying(50) NOT NULL,
    "STIC_Sec20_3" character varying(50) NOT NULL,
    "STIC_Sec20_4" character varying(50) NOT NULL,
    "STIC_Sec20_5" character varying(50) NOT NULL,
    "STIC_Sec20_6" character varying(50) NOT NULL,
    "STIC_Sec20_AnnualPremium" character varying(256) NOT NULL,
    "STIC_Sec20_Comments" character varying(256) NOT NULL,
    "STIC_Sec20_Extension1" integer NOT NULL,
    "STIC_Sec20_Extension2" integer NOT NULL,
    "STIC_Sec20_Extension_Premium1" character varying(50) NOT NULL,
    "STIC_Sec20_Extension_Premium2" character varying(50) NOT NULL,
    "STIC_Sec20_ItemNumber" character varying(50) NOT NULL,
    "STIC_Sec20_Limit" character varying(50) NOT NULL,
    "STIC_Sec20_PremNumber" character varying(50) NOT NULL,
    "STIC_Sec20_Premium" character varying(50) NOT NULL,
    "STIC_Sec21_1" character varying(50) NOT NULL,
    "STIC_Sec21_2" character varying(50) NOT NULL,
    "STIC_Sec21_3" character varying(50) NOT NULL,
    "STIC_Sec21_4" character varying(50) NOT NULL,
    "STIC_Sec21_5" character varying(50) NOT NULL,
    "STIC_Sec21_6" character varying(50) NOT NULL,
    "STIC_Sec21_AnnualPremium" character varying(256) NOT NULL,
    "STIC_Sec21_Comments" character varying(256) NOT NULL,
    "STIC_Sec21_Extension1" integer NOT NULL,
    "STIC_Sec21_Extension2" integer NOT NULL,
    "STIC_Sec21_Extension_Premium1" character varying(50) NOT NULL,
    "STIC_Sec21_Extension_Premium2" character varying(50) NOT NULL,
    "STIC_Sec21_ItemNumber" character varying(50) NOT NULL,
    "STIC_Sec21_Limit" character varying(50) NOT NULL,
    "STIC_Sec21_PremNumber" character varying(50) NOT NULL,
    "STIC_Sec21_Premium" character varying(50) NOT NULL,
    "STIC_Sec5_1" character varying(256) NOT NULL,
    "STIC_Sec5_2" character varying(256) NOT NULL,
    "STIC_Sec5_AnnualPremium" character varying(50) NOT NULL,
    "STIC_Sec5_Comments" character varying(256) NOT NULL,
    "STIC_Sec5_Extension_1" integer NOT NULL,
    "STIC_Sec5_Extension_2" integer NOT NULL,
    "STIC_Sec5_Extension_3" integer NOT NULL,
    "STIC_Sec5_Extension_4" integer NOT NULL,
    "STIC_Sec5_Extension_5" integer NOT NULL,
    "STIC_Sec5_ItemNumber" character varying(50) NOT NULL,
    "STIC_Sec5_Limit" character varying(50) NOT NULL,
    "STIC_Sec5_PremNumber" character varying(50) NOT NULL,
    "STIC_Sec5_Premium" character varying(50) NOT NULL,
    "STIC_Sec6_1" character varying(50) NOT NULL,
    "STIC_Sec6_2" character varying(50) NOT NULL,
    "STIC_Sec6_3" character varying(256) NOT NULL,
    "STIC_Sec6_4" character varying(256) NOT NULL,
    "STIC_Sec6_5" character varying(50) NOT NULL,
    "STIC_Sec6_6" character varying(50) NOT NULL,
    "STIC_Sec6_Comments" character varying(256) NOT NULL,
    "STIC_Sec6_ItemNumber" character varying(50) NOT NULL,
    "STIC_Sec6_Limit" character varying(50) NOT NULL,
    "STIC_Sec6_PremNumber" character varying(50) NOT NULL,
    "STIC_Sec6_Premium" character varying(50) NOT NULL,
    "STIC_Sec7_1" character varying(50) NOT NULL,
    "STIC_Sec7_2" character varying(50) NOT NULL,
    "STIC_Sec7_3" integer NOT NULL,
    "STIC_Sec7_4" integer NOT NULL,
    "STIC_Sec7_5" character varying(50) NOT NULL,
    "STIC_Sec7_6" character varying(50) NOT NULL,
    "STIC_Sec7_7" character varying(50) NOT NULL,
    "STIC_Sec7_8" character varying(50) NOT NULL,
    "STIC_Sec7_9" character varying(50) NOT NULL,
    "STIC_Sec7_AnnualPremium" character varying(256) NOT NULL,
    "STIC_Sec7_Comments" character varying(256) NOT NULL,
    "STIC_Sec7_Extension_Included1" integer NOT NULL,
    "STIC_Sec7_Extension_Included2" integer NOT NULL,
    "STIC_Sec7_Extension_Included3" integer NOT NULL,
    "STIC_Sec7_Extension_Limit1" character varying(50) NOT NULL,
    "STIC_Sec7_Extension_Limit2" character varying(50) NOT NULL,
    "STIC_Sec7_Extension_Limit3" character varying(50) NOT NULL,
    "STIC_Sec7_Extension_Premium1" character varying(50) NOT NULL,
    "STIC_Sec7_Extension_Premium2" character varying(50) NOT NULL,
    "STIC_Sec7_Extension_Premium3" character varying(50) NOT NULL,
    "STIC_Sec7_ItemNumber" character varying(50) NOT NULL,
    "STIC_Sec7_Limit" character varying(50) NOT NULL,
    "STIC_Sec7_PremNumber" character varying(50) NOT NULL,
    "STIC_Sec7_Premium" character varying(50) NOT NULL,
    "STIC_Sec8_1" character varying(50) NOT NULL,
    "STIC_Sec8_2" character varying(50) NOT NULL,
    "STIC_Sec8_AnnualPremium" character varying(256) NOT NULL,
    "STIC_Sec8_Comments" character varying(256) NOT NULL,
    "STIC_Sec8_Extension_Included1" integer NOT NULL,
    "STIC_Sec8_Extension_Included2" integer NOT NULL,
    "STIC_Sec8_ItemNumber" character varying(50) NOT NULL,
    "STIC_Sec8_Limit" character varying(50) NOT NULL,
    "STIC_Sec8_PremNumber" character varying(50) NOT NULL,
    "STIC_Sec8_Premium" character varying(50) NOT NULL,
    "STIC_Sec9_1" character varying(50) NOT NULL,
    "STIC_Sec9_2" character varying(50) NOT NULL,
    "STIC_Sec9_3" character varying(50) NOT NULL,
    "STIC_Sec9_4" character varying(50) NOT NULL,
    "STIC_Sec9_5" character varying(50) NOT NULL,
    "STIC_Sec9_6" character varying(50) NOT NULL,
    "STIC_Sec9_AnnualPremium" character varying(256) NOT NULL,
    "STIC_Sec9_Comments" character varying(256) NOT NULL,
    "STIC_Sec9_Extension_Included1" integer NOT NULL,
    "STIC_Sec9_Extension_Included2" integer NOT NULL,
    "STIC_Sec9_Extension_Included3" integer NOT NULL,
    "STIC_Sec9_Extension_Included4" integer NOT NULL,
    "STIC_Sec9_Extension_Included5" integer NOT NULL,
    "STIC_Sec9_Extension_Included6" integer NOT NULL,
    "STIC_Sec9_Extension_Limit1" character varying(50) NOT NULL,
    "STIC_Sec9_Extension_Limit2" character varying(50) NOT NULL,
    "STIC_Sec9_Extension_Limit3" character varying(50) NOT NULL,
    "STIC_Sec9_Extension_Limit4" character varying(50) NOT NULL,
    "STIC_Sec9_Extension_Limit5" character varying(50) NOT NULL,
    "STIC_Sec9_Extension_Limit6" character varying(50) NOT NULL,
    "STIC_Sec9_Extension_Premium1" character varying(50) NOT NULL,
    "STIC_Sec9_Extension_Premium2" character varying(50) NOT NULL,
    "STIC_Sec9_Extension_Premium3" character varying(50) NOT NULL,
    "STIC_Sec9_Extension_Premium4" character varying(50) NOT NULL,
    "STIC_Sec9_Extension_Premium5" character varying(50) NOT NULL,
    "STIC_Sec9_Extension_Premium6" character varying(50) NOT NULL,
    "STIC_Sec9_ItemNumber" character varying(50) NOT NULL,
    "STIC_Sec9_Limit" character varying(50) NOT NULL,
    "STIC_Sec9_PremNumber" character varying(50) NOT NULL,
    "STIC_Sec9_Premium" character varying(50) NOT NULL,
    "STIC_SecD_1" character varying(50) NOT NULL,
    "STIC_SecD_10" character varying(50) NOT NULL,
    "STIC_SecD_11" character varying(50) NOT NULL,
    "STIC_SecD_12" character varying(50) NOT NULL,
    "STIC_SecD_13" character varying(50) NOT NULL,
    "STIC_SecD_2" character varying(50) NOT NULL,
    "STIC_SecD_3" character varying(50) NOT NULL,
    "STIC_SecD_4" integer NOT NULL,
    "STIC_SecD_5" character varying(50) NOT NULL,
    "STIC_SecD_6" character varying(50) NOT NULL,
    "STIC_SecD_7" character varying(50) NOT NULL,
    "STIC_SecD_8" character varying(50) NOT NULL,
    "STIC_SecD_9" character varying(50) NOT NULL,
    "STIC_SecE_1" character varying(50) NOT NULL,
    "STIC_SecE_2" character varying(50) NOT NULL,
    "STIC_SecE_3" character varying(50) NOT NULL,
    "STIC_SecG_1" character varying(50) NOT NULL,
    "STIC_SecG_2" character varying(50) NOT NULL,
    "STIC_SecG_3" character varying(50) NOT NULL,
    "STIC_BusInt_Type12" character varying(50) NOT NULL,
    "STIC_BusInt_Type22" integer NOT NULL,
    "STIC_BusInt_Type22_1" character varying(50) NOT NULL,
    "STIC_BusInt_Type23" integer NOT NULL,
    "STIC_BusInt_Type23_1" character varying(50) NOT NULL,
    "STIC_BusInt_Type2_12" character varying(50) NOT NULL,
    "STIC_BusInt_Type2_22" integer NOT NULL,
    "STIC_BusInt_Type2_22_1" character varying(50) NOT NULL,
    "STIC_BusInt_Type2_23" integer NOT NULL,
    "STIC_BusInt_Type2_23_1" character varying(50) NOT NULL,
    "STIC_ProdComp_Accepted36" integer NOT NULL,
    "STIC_ProdComp_Accepted37" integer NOT NULL,
    "STIC_ProdComp_Accepted38" integer NOT NULL,
    "STIC_ProdComp_Accepted39" integer NOT NULL,
    "STIC_ProdComp_Accepted40" integer NOT NULL,
    "STIC_ProdComp_Accepted41" integer NOT NULL,
    "STIC_ProdComp_Accepted42" integer NOT NULL,
    "STIC_ProdComp_Accepted43" integer NOT NULL,
    "STIC_ProdComp_CoverAmount36" character varying(50) NOT NULL,
    "STIC_ProdComp_CoverAmount37" character varying(50) NOT NULL,
    "STIC_ProdComp_CoverAmount38" character varying(50) NOT NULL,
    "STIC_ProdComp_CoverAmount39" character varying(50) NOT NULL,
    "STIC_ProdComp_CoverAmount40" character varying(50) NOT NULL,
    "STIC_ProdComp_CoverAmount41" character varying(50) NOT NULL,
    "STIC_ProdComp_CoverAmount42" character varying(50) NOT NULL,
    "STIC_ProdComp_CoverAmount43" character varying(50) NOT NULL,
    "STIC_ProdComp_ExistP_Excess36" character varying(50) NOT NULL,
    "STIC_ProdComp_ExistP_Excess37" character varying(50) NOT NULL,
    "STIC_ProdComp_ExistP_Excess38" character varying(50) NOT NULL,
    "STIC_ProdComp_ExistP_Excess39" character varying(50) NOT NULL,
    "STIC_ProdComp_ExistP_Excess40" character varying(50) NOT NULL,
    "STIC_ProdComp_ExistP_Excess41" character varying(50) NOT NULL,
    "STIC_ProdComp_ExistP_Excess42" character varying(50) NOT NULL,
    "STIC_ProdComp_ExistP_Excess43" character varying(50) NOT NULL,
    "STIC_ProdComp_ExistP_Premium36" character varying(50) NOT NULL,
    "STIC_ProdComp_ExistP_Premium37" character varying(50) NOT NULL,
    "STIC_ProdComp_ExistP_Premium38" character varying(50) NOT NULL,
    "STIC_ProdComp_ExistP_Premium39" character varying(50) NOT NULL,
    "STIC_ProdComp_ExistP_Premium40" character varying(50) NOT NULL,
    "STIC_ProdComp_ExistP_Premium41" character varying(50) NOT NULL,
    "STIC_ProdComp_ExistP_Premium42" character varying(50) NOT NULL,
    "STIC_ProdComp_ExistP_Premium43" character varying(50) NOT NULL,
    "STIC_ProdComp_RecommP_Excess36" character varying(50) NOT NULL,
    "STIC_ProdComp_RecommP_Excess37" character varying(50) NOT NULL,
    "STIC_ProdComp_RecommP_Excess38" character varying(50) NOT NULL,
    "STIC_ProdComp_RecommP_Excess39" character varying(50) NOT NULL,
    "STIC_ProdComp_RecommP_Excess40" character varying(50) NOT NULL,
    "STIC_ProdComp_RecommP_Excess41" character varying(50) NOT NULL,
    "STIC_ProdComp_RecommP_Excess42" character varying(50) NOT NULL,
    "STIC_ProdComp_RecommP_Excess43" character varying(50) NOT NULL,
    "STIC_ProdComp_RecommP_Premium36" character varying(50) NOT NULL,
    "STIC_ProdComp_RecommP_Premium37" character varying(50) NOT NULL,
    "STIC_ProdComp_RecommP_Premium38" character varying(50) NOT NULL,
    "STIC_ProdComp_RecommP_Premium39" character varying(50) NOT NULL,
    "STIC_ProdComp_RecommP_Premium40" character varying(50) NOT NULL,
    "STIC_ProdComp_RecommP_Premium41" character varying(50) NOT NULL,
    "STIC_ProdComp_RecommP_Premium42" character varying(50) NOT NULL,
    "STIC_ProdComp_RecommP_Premium43" character varying(50) NOT NULL,
    "STIC_ProdComp_Recommended36" integer NOT NULL,
    "STIC_ProdComp_Recommended37" integer NOT NULL,
    "STIC_ProdComp_Recommended38" integer NOT NULL,
    "STIC_ProdComp_Recommended39" integer NOT NULL,
    "STIC_ProdComp_Recommended40" integer NOT NULL,
    "STIC_ProdComp_Recommended41" integer NOT NULL,
    "STIC_ProdComp_Recommended42" integer NOT NULL,
    "STIC_ProdComp_Recommended43" integer NOT NULL
);


ALTER TABLE public.data_shortterminsurancecommerical OWNER TO sfproa;

--
-- Name: data_shortterminsurancecommerical_id_seq; Type: SEQUENCE; Schema: public; Owner: sfproa
--

ALTER TABLE public.data_shortterminsurancecommerical ALTER COLUMN id ADD GENERATED BY DEFAULT AS IDENTITY (
    SEQUENCE NAME public.data_shortterminsurancecommerical_id_seq
    START WITH 1
    INCREMENT BY 1
    NO MINVALUE
    NO MAXVALUE
    CACHE 1
);


--
-- Name: data_shortterminsurancepersonal; Type: TABLE; Schema: public; Owner: sfproa
--

CREATE TABLE public.data_shortterminsurancepersonal (
    id bigint NOT NULL,
    "advisorId" integer NOT NULL,
    "formId" integer NOT NULL,
    "STIP_Underwritten_By" character varying(256) NOT NULL,
    "STIP_Branch_Name" character varying(256) NOT NULL,
    "STIP_Branch_Number" character varying(256) NOT NULL,
    "STIP_Quotation_Number" character varying(256) NOT NULL,
    "STIP_Policy_Number" character varying(256) NOT NULL,
    "STIP_Inception_Date" character varying(256) NOT NULL,
    "STIP_Applicant_Surname" character varying(256) NOT NULL,
    "STIP_Applicant_Gender" integer NOT NULL,
    "STIP_Applicant_Initials" character varying(256) NOT NULL,
    "STIP_Applicant_Title" character varying(256) NOT NULL,
    "STIP_Applicant_DateofBirth" character varying(256) NOT NULL,
    "STIP_Applicant_IdNumber" character varying(256) NOT NULL,
    "STIP_Applicant_Email" character varying(256) NOT NULL,
    "STIP_Applicant_ContactNumber" character varying(256) NOT NULL,
    "STIP_General_Refused" integer NOT NULL,
    "STIP_General_RefusedDetails" integer NOT NULL,
    "STIP_General_Risks" integer NOT NULL,
    "STIP_General_RisksDetails" integer NOT NULL,
    "STIP_General_LastDate" character varying(256) NOT NULL,
    "STIP_General_InsurerName" character varying(256) NOT NULL,
    "STIP_General_TypeOfLoss" character varying(256) NOT NULL,
    "STIP_General_LossYear" character varying(256) NOT NULL,
    "STIP_General_LossAmount" character varying(256) NOT NULL,
    "STIP_General_LossInsurer" character varying(256) NOT NULL,
    "STIP_CnRI_Existing_Company" character varying(256) NOT NULL,
    "STIP_CnRI_Replacement_Company" character varying(256) NOT NULL,
    "STIP_CnRI_Existing_Provider" character varying(256) NOT NULL,
    "STIP_CnRI_Replacement_Provider" character varying(256) NOT NULL,
    "STIP_CnRI_Existing_Product" character varying(256) NOT NULL,
    "STIP_CnRI_Replacement_Product" character varying(256) NOT NULL,
    "STIP_CnRI_1_Recomm" integer NOT NULL,
    "STIP_CnRI_1_Accepted" integer NOT NULL,
    "STIP_CnRI_1_CoverAmount" character varying(256) NOT NULL,
    "STIP_CnRI_1_Premium1" character varying(256) NOT NULL,
    "STIP_CnRI_1_Premium2" character varying(256) NOT NULL,
    "STIP_CnRI_1_Excess1" character varying(256) NOT NULL,
    "STIP_CnRI_1_Excess2" character varying(256) NOT NULL,
    "STIP_CnRI_2_Recomm" integer NOT NULL,
    "STIP_CnRI_2_Accepted" integer NOT NULL,
    "STIP_CnRI_2_CoverAmount" character varying(256) NOT NULL,
    "STIP_CnRI_2_Premium1" character varying(256) NOT NULL,
    "STIP_CnRI_2_Premium2" character varying(256) NOT NULL,
    "STIP_CnRI_2_Excess1" character varying(256) NOT NULL,
    "STIP_CnRI_2_Excess2" character varying(256) NOT NULL,
    "STIP_CnRI_3_Recomm" integer NOT NULL,
    "STIP_CnRI_3_Accepted" integer NOT NULL,
    "STIP_CnRI_3_CoverAmount" character varying(256) NOT NULL,
    "STIP_CnRI_3_Premium1" character varying(256) NOT NULL,
    "STIP_CnRI_3_Premium2" character varying(256) NOT NULL,
    "STIP_CnRI_3_Excess1" character varying(256) NOT NULL,
    "STIP_CnRI_3_Excess2" character varying(256) NOT NULL,
    "STIP_CnRI_4_Recomm" integer NOT NULL,
    "STIP_CnRI_4_Accepted" integer NOT NULL,
    "STIP_CnRI_4_CoverAmount" character varying(256) NOT NULL,
    "STIP_CnRI_4_Premium1" character varying(256) NOT NULL,
    "STIP_CnRI_4_Premium2" character varying(256) NOT NULL,
    "STIP_CnRI_4_Excess1" character varying(256) NOT NULL,
    "STIP_CnRI_4_Excess2" character varying(256) NOT NULL,
    "STIP_CnRI_5_Recomm" integer NOT NULL,
    "STIP_CnRI_5_Accepted" integer NOT NULL,
    "STIP_CnRI_5_CoverAmount" character varying(256) NOT NULL,
    "STIP_CnRI_5_Premium1" character varying(256) NOT NULL,
    "STIP_CnRI_5_Premium2" character varying(256) NOT NULL,
    "STIP_CnRI_5_Excess1" character varying(256) NOT NULL,
    "STIP_CnRI_5_Excess2" character varying(256) NOT NULL,
    "STIP_CnRI_6_Recomm" integer NOT NULL,
    "STIP_CnRI_6_Accepted" integer NOT NULL,
    "STIP_CnRI_6_CoverAmount" character varying(256) NOT NULL,
    "STIP_CnRI_6_Premium1" character varying(256) NOT NULL,
    "STIP_CnRI_6_Premium2" character varying(256) NOT NULL,
    "STIP_CnRI_6_Excess1" character varying(256) NOT NULL,
    "STIP_CnRI_6_Excess2" character varying(256) NOT NULL,
    "STIP_CnRI_7_Recomm" integer NOT NULL,
    "STIP_CnRI_7_Accepted" integer NOT NULL,
    "STIP_CnRI_7_CoverAmount" character varying(256) NOT NULL,
    "STIP_CnRI_7_Premium1" character varying(256) NOT NULL,
    "STIP_CnRI_7_Premium2" character varying(256) NOT NULL,
    "STIP_CnRI_7_Excess1" character varying(256) NOT NULL,
    "STIP_CnRI_7_Excess2" character varying(256) NOT NULL,
    "STIP_CnRI_8_Recomm" integer NOT NULL,
    "STIP_CnRI_8_Accepted" integer NOT NULL,
    "STIP_CnRI_8_CoverAmount" character varying(256) NOT NULL,
    "STIP_CnRI_8_Premium1" character varying(256) NOT NULL,
    "STIP_CnRI_8_Premium2" character varying(256) NOT NULL,
    "STIP_CnRI_8_Excess1" character varying(256) NOT NULL,
    "STIP_CnRI_8_Excess2" character varying(256) NOT NULL,
    "STIP_CnRI_9_Recomm" integer NOT NULL,
    "STIP_CnRI_9_Accepted" integer NOT NULL,
    "STIP_CnRI_9_CoverAmount" character varying(256) NOT NULL,
    "STIP_CnRI_9_Premium1" character varying(256) NOT NULL,
    "STIP_CnRI_9_Premium2" character varying(256) NOT NULL,
    "STIP_CnRI_9_Excess1" character varying(256) NOT NULL,
    "STIP_CnRI_9_Excess2" character varying(256) NOT NULL,
    "STIP_CnRI_10_Recomm" integer NOT NULL,
    "STIP_CnRI_10_Accepted" integer NOT NULL,
    "STIP_CnRI_10_CoverAmount" character varying(256) NOT NULL,
    "STIP_CnRI_10_Premium1" character varying(256) NOT NULL,
    "STIP_CnRI_10_Premium2" character varying(256) NOT NULL,
    "STIP_CnRI_10_Excess1" character varying(256) NOT NULL,
    "STIP_CnRI_10_Excess2" character varying(256) NOT NULL,
    "STIP_CnRI_11_Recomm" integer NOT NULL,
    "STIP_CnRI_11_Accepted" integer NOT NULL,
    "STIP_CnRI_11_CoverAmount" character varying(256) NOT NULL,
    "STIP_CnRI_11_Premium1" character varying(256) NOT NULL,
    "STIP_CnRI_11_Premium2" character varying(256) NOT NULL,
    "STIP_CnRI_11_Excess1" character varying(256) NOT NULL,
    "STIP_CnRI_11_Excess2" character varying(256) NOT NULL,
    "STIP_CnRI_12_Recomm" integer NOT NULL,
    "STIP_CnRI_12_Accepted" integer NOT NULL,
    "STIP_CnRI_12_CoverAmount" character varying(256) NOT NULL,
    "STIP_CnRI_12_Premium1" character varying(256) NOT NULL,
    "STIP_CnRI_12_Premium2" character varying(256) NOT NULL,
    "STIP_CnRI_12_Excess1" character varying(256) NOT NULL,
    "STIP_CnRI_12_Excess2" character varying(256) NOT NULL,
    "STIP_CnRI_13_Recomm" integer NOT NULL,
    "STIP_CnRI_13_Accepted" integer NOT NULL,
    "STIP_CnRI_13_CoverAmount" character varying(256) NOT NULL,
    "STIP_CnRI_13_Premium1" character varying(256) NOT NULL,
    "STIP_CnRI_13_Premium2" character varying(256) NOT NULL,
    "STIP_CnRI_13_Excess1" character varying(256) NOT NULL,
    "STIP_CnRI_13_Excess2" character varying(256) NOT NULL,
    "STIP_CnRI_14_Recomm" integer NOT NULL,
    "STIP_CnRI_14_Accepted" integer NOT NULL,
    "STIP_CnRI_14_CoverAmount" character varying(256) NOT NULL,
    "STIP_CnRI_14_Premium1" character varying(256) NOT NULL,
    "STIP_CnRI_14_Premium2" character varying(256) NOT NULL,
    "STIP_CnRI_14_Excess1" character varying(256) NOT NULL,
    "STIP_CnRI_14_Excess2" character varying(256) NOT NULL,
    "STIP_CnRI_15_Recomm" integer NOT NULL,
    "STIP_CnRI_15_Accepted" integer NOT NULL,
    "STIP_CnRI_15_CoverAmount" character varying(256) NOT NULL,
    "STIP_CnRI_15_Premium1" character varying(256) NOT NULL,
    "STIP_CnRI_15_Premium2" character varying(256) NOT NULL,
    "STIP_CnRI_15_Excess1" character varying(256) NOT NULL,
    "STIP_CnRI_15_Excess2" character varying(256) NOT NULL,
    "STIP_CnRI_16_Recomm" integer NOT NULL,
    "STIP_CnRI_16_Accepted" integer NOT NULL,
    "STIP_CnRI_16_CoverAmount" character varying(256) NOT NULL,
    "STIP_CnRI_16_Premium1" character varying(256) NOT NULL,
    "STIP_CnRI_16_Premium2" character varying(256) NOT NULL,
    "STIP_CnRI_16_Excess1" character varying(256) NOT NULL,
    "STIP_CnRI_16_Excess2" character varying(256) NOT NULL,
    "STIP_CnRI_17_Recomm" integer NOT NULL,
    "STIP_CnRI_17_Accepted" integer NOT NULL,
    "STIP_CnRI_17_CoverAmount" character varying(256) NOT NULL,
    "STIP_CnRI_17_Premium1" character varying(256) NOT NULL,
    "STIP_CnRI_17_Premium2" character varying(256) NOT NULL,
    "STIP_CnRI_17_Excess1" character varying(256) NOT NULL,
    "STIP_CnRI_17_Excess2" character varying(256) NOT NULL,
    "STIP_CnRI_18_Recomm" integer NOT NULL,
    "STIP_CnRI_18_Accepted" integer NOT NULL,
    "STIP_CnRI_18_CoverAmount" character varying(256) NOT NULL,
    "STIP_CnRI_18_Premium1" character varying(256) NOT NULL,
    "STIP_CnRI_18_Premium2" character varying(256) NOT NULL,
    "STIP_CnRI_18_Excess1" character varying(256) NOT NULL,
    "STIP_CnRI_18_Excess2" character varying(256) NOT NULL,
    "STIP_CnRI_19_Recomm" integer NOT NULL,
    "STIP_CnRI_19_Accepted" integer NOT NULL,
    "STIP_CnRI_19_CoverAmount" character varying(256) NOT NULL,
    "STIP_CnRI_19_Premium1" character varying(256) NOT NULL,
    "STIP_CnRI_19_Premium2" character varying(256) NOT NULL,
    "STIP_CnRI_19_Excess1" character varying(256) NOT NULL,
    "STIP_CnRI_19_Excess2" character varying(256) NOT NULL,
    "STIP_CnRI_20_Recomm" integer NOT NULL,
    "STIP_CnRI_20_Accepted" integer NOT NULL,
    "STIP_CnRI_20_CoverAmount" character varying(256) NOT NULL,
    "STIP_CnRI_20_Premium1" character varying(256) NOT NULL,
    "STIP_CnRI_20_Premium2" character varying(256) NOT NULL,
    "STIP_CnRI_20_Excess1" character varying(256) NOT NULL,
    "STIP_CnRI_20_Excess2" character varying(256) NOT NULL,
    "STIP_CnRI_21_Recomm" integer NOT NULL,
    "STIP_CnRI_21_Accepted" integer NOT NULL,
    "STIP_CnRI_21_CoverAmount" character varying(256) NOT NULL,
    "STIP_CnRI_21_Premium1" character varying(256) NOT NULL,
    "STIP_CnRI_21_Premium2" character varying(256) NOT NULL,
    "STIP_CnRI_21_Excess1" character varying(256) NOT NULL,
    "STIP_CnRI_21_Excess2" character varying(256) NOT NULL,
    "STIP_CnRI_22_Recomm" integer NOT NULL,
    "STIP_CnRI_22_Accepted" integer NOT NULL,
    "STIP_CnRI_22_CoverAmount" character varying(256) NOT NULL,
    "STIP_CnRI_22_Premium1" character varying(256) NOT NULL,
    "STIP_CnRI_22_Premium2" character varying(256) NOT NULL,
    "STIP_CnRI_22_Excess1" character varying(256) NOT NULL,
    "STIP_CnRI_22_Excess2" character varying(256) NOT NULL,
    "STIP_CnRI_23_Recomm" integer NOT NULL,
    "STIP_CnRI_23_Accepted" integer NOT NULL,
    "STIP_CnRI_23_CoverAmount" character varying(256) NOT NULL,
    "STIP_CnRI_23_Premium1" character varying(256) NOT NULL,
    "STIP_CnRI_23_Premium2" character varying(256) NOT NULL,
    "STIP_CnRI_23_Excess1" character varying(256) NOT NULL,
    "STIP_CnRI_23_Excess2" character varying(256) NOT NULL,
    "STIP_CnRI_24_Recomm" integer NOT NULL,
    "STIP_CnRI_24_Accepted" integer NOT NULL,
    "STIP_CnRI_24_CoverAmount" character varying(256) NOT NULL,
    "STIP_CnRI_24_Premium1" character varying(256) NOT NULL,
    "STIP_CnRI_24_Premium2" character varying(256) NOT NULL,
    "STIP_CnRI_24_Excess1" character varying(256) NOT NULL,
    "STIP_CnRI_24_Excess2" character varying(256) NOT NULL,
    "STIP_CnRI_25_Recomm" integer NOT NULL,
    "STIP_CnRI_25_Accepted" integer NOT NULL,
    "STIP_CnRI_25_CoverAmount" character varying(256) NOT NULL,
    "STIP_CnRI_25_Premium1" character varying(256) NOT NULL,
    "STIP_CnRI_25_Premium2" character varying(256) NOT NULL,
    "STIP_CnRI_25_Excess1" character varying(256) NOT NULL,
    "STIP_CnRI_25_Excess2" character varying(256) NOT NULL,
    "STIP_CnRI_26_Recomm" integer NOT NULL,
    "STIP_CnRI_26_Accepted" integer NOT NULL,
    "STIP_CnRI_26_CoverAmount" character varying(256) NOT NULL,
    "STIP_CnRI_26_Premium1" character varying(256) NOT NULL,
    "STIP_CnRI_26_Premium2" character varying(256) NOT NULL,
    "STIP_CnRI_26_Excess1" character varying(256) NOT NULL,
    "STIP_CnRI_26_Excess2" character varying(256) NOT NULL,
    "STIP_CnRI_27_Recomm" integer NOT NULL,
    "STIP_CnRI_27_Accepted" integer NOT NULL,
    "STIP_CnRI_27_CoverAmount" character varying(256) NOT NULL,
    "STIP_CnRI_27_Premium1" character varying(256) NOT NULL,
    "STIP_CnRI_27_Premium2" character varying(256) NOT NULL,
    "STIP_CnRI_27_Excess1" character varying(256) NOT NULL,
    "STIP_CnRI_27_Excess2" character varying(256) NOT NULL,
    "STIP_CnRI_FeeCharges" character varying(256) NOT NULL,
    "STIP_CnRI_Commission" character varying(256) NOT NULL,
    "STIP_CnRI_TotalPremium" character varying(256) NOT NULL,
    "STIP_CnRen_Existing_Company" character varying(256) NOT NULL,
    "STIP_CnRen_Replacement_Company" character varying(256) NOT NULL,
    "STIP_CnRen_Existing_Provider" character varying(256) NOT NULL,
    "STIP_CnRen_Replacement_Provider" character varying(256) NOT NULL,
    "STIP_CnRen_Existing_Product" character varying(256) NOT NULL,
    "STIP_CnRen_Replacement_Product" character varying(256) NOT NULL,
    "STIP_CnRen_1_Recomm" integer NOT NULL,
    "STIP_CnRen_1_Accepted" integer NOT NULL,
    "STIP_CnRen_1_CoverAmount" character varying(256) NOT NULL,
    "STIP_CnRen_1_Premium1" character varying(256) NOT NULL,
    "STIP_CnRen_1_Premium2" character varying(256) NOT NULL,
    "STIP_CnRen_1_Excess1" character varying(256) NOT NULL,
    "STIP_CnRen_1_Excess2" character varying(256) NOT NULL,
    "STIP_CnRen_2_Recomm" integer NOT NULL,
    "STIP_CnRen_2_Accepted" integer NOT NULL,
    "STIP_CnRen_2_CoverAmount" character varying(256) NOT NULL,
    "STIP_CnRen_2_Premium1" character varying(256) NOT NULL,
    "STIP_CnRen_2_Premium2" character varying(256) NOT NULL,
    "STIP_CnRen_2_Excess1" character varying(256) NOT NULL,
    "STIP_CnRen_2_Excess2" character varying(256) NOT NULL,
    "STIP_CnRen_3_Recomm" integer NOT NULL,
    "STIP_CnRen_3_Accepted" integer NOT NULL,
    "STIP_CnRen_3_CoverAmount" character varying(256) NOT NULL,
    "STIP_CnRen_3_Premium1" character varying(256) NOT NULL,
    "STIP_CnRen_3_Premium2" character varying(256) NOT NULL,
    "STIP_CnRen_3_Excess1" character varying(256) NOT NULL,
    "STIP_CnRen_3_Excess2" character varying(256) NOT NULL,
    "STIP_CnRen_4_Recomm" integer NOT NULL,
    "STIP_CnRen_4_Accepted" integer NOT NULL,
    "STIP_CnRen_4_CoverAmount" character varying(256) NOT NULL,
    "STIP_CnRen_4_Premium1" character varying(256) NOT NULL,
    "STIP_CnRen_4_Premium2" character varying(256) NOT NULL,
    "STIP_CnRen_4_Excess1" character varying(256) NOT NULL,
    "STIP_CnRen_4_Excess2" character varying(256) NOT NULL,
    "STIP_CnRen_5_Recomm" integer NOT NULL,
    "STIP_CnRen_5_Accepted" integer NOT NULL,
    "STIP_CnRen_5_CoverAmount" character varying(256) NOT NULL,
    "STIP_CnRen_5_Premium1" character varying(256) NOT NULL,
    "STIP_CnRen_5_Premium2" character varying(256) NOT NULL,
    "STIP_CnRen_5_Excess1" character varying(256) NOT NULL,
    "STIP_CnRen_5_Excess2" character varying(256) NOT NULL,
    "STIP_CnRen_6_Recomm" integer NOT NULL,
    "STIP_CnRen_6_Accepted" integer NOT NULL,
    "STIP_CnRen_6_CoverAmount" character varying(256) NOT NULL,
    "STIP_CnRen_6_Premium1" character varying(256) NOT NULL,
    "STIP_CnRen_6_Premium2" character varying(256) NOT NULL,
    "STIP_CnRen_6_Excess1" character varying(256) NOT NULL,
    "STIP_CnRen_6_Excess2" character varying(256) NOT NULL,
    "STIP_CnRen_7_Recomm" integer NOT NULL,
    "STIP_CnRen_7_Accepted" integer NOT NULL,
    "STIP_CnRen_7_CoverAmount" character varying(256) NOT NULL,
    "STIP_CnRen_7_Premium1" character varying(256) NOT NULL,
    "STIP_CnRen_7_Premium2" character varying(256) NOT NULL,
    "STIP_CnRen_7_Excess1" character varying(256) NOT NULL,
    "STIP_CnRen_7_Excess2" character varying(256) NOT NULL,
    "STIP_CnRen_8_Recomm" integer NOT NULL,
    "STIP_CnRen_8_Accepted" integer NOT NULL,
    "STIP_CnRen_8_CoverAmount" character varying(256) NOT NULL,
    "STIP_CnRen_8_Premium1" character varying(256) NOT NULL,
    "STIP_CnRen_8_Premium2" character varying(256) NOT NULL,
    "STIP_CnRen_8_Excess1" character varying(256) NOT NULL,
    "STIP_CnRen_8_Excess2" character varying(256) NOT NULL,
    "STIP_CnRen_9_Recomm" integer NOT NULL,
    "STIP_CnRen_9_Accepted" integer NOT NULL,
    "STIP_CnRen_9_CoverAmount" character varying(256) NOT NULL,
    "STIP_CnRen_9_Premium1" character varying(256) NOT NULL,
    "STIP_CnRen_9_Premium2" character varying(256) NOT NULL,
    "STIP_CnRen_9_Excess1" character varying(256) NOT NULL,
    "STIP_CnRen_9_Excess2" character varying(256) NOT NULL,
    "STIP_CnRen_10_Recomm" integer NOT NULL,
    "STIP_CnRen_10_Accepted" integer NOT NULL,
    "STIP_CnRen_10_CoverAmount" character varying(256) NOT NULL,
    "STIP_CnRen_10_Premium1" character varying(256) NOT NULL,
    "STIP_CnRen_10_Premium2" character varying(256) NOT NULL,
    "STIP_CnRen_10_Excess1" character varying(256) NOT NULL,
    "STIP_CnRen_10_Excess2" character varying(256) NOT NULL,
    "STIP_CnRen_11_Recomm" integer NOT NULL,
    "STIP_CnRen_11_Accepted" integer NOT NULL,
    "STIP_CnRen_11_CoverAmount" character varying(256) NOT NULL,
    "STIP_CnRen_11_Premium1" character varying(256) NOT NULL,
    "STIP_CnRen_11_Premium2" character varying(256) NOT NULL,
    "STIP_CnRen_11_Excess1" character varying(256) NOT NULL,
    "STIP_CnRen_11_Excess2" character varying(256) NOT NULL,
    "STIP_CnRen_12_Recomm" integer NOT NULL,
    "STIP_CnRen_12_Accepted" integer NOT NULL,
    "STIP_CnRen_12_CoverAmount" character varying(256) NOT NULL,
    "STIP_CnRen_12_Premium1" character varying(256) NOT NULL,
    "STIP_CnRen_12_Premium2" character varying(256) NOT NULL,
    "STIP_CnRen_12_Excess1" character varying(256) NOT NULL,
    "STIP_CnRen_12_Excess2" character varying(256) NOT NULL,
    "STIP_CnRen_13_Recomm" integer NOT NULL,
    "STIP_CnRen_13_Accepted" integer NOT NULL,
    "STIP_CnRen_13_CoverAmount" character varying(256) NOT NULL,
    "STIP_CnRen_13_Premium1" character varying(256) NOT NULL,
    "STIP_CnRen_13_Premium2" character varying(256) NOT NULL,
    "STIP_CnRen_13_Excess1" character varying(256) NOT NULL,
    "STIP_CnRen_13_Excess2" character varying(256) NOT NULL,
    "STIP_CnRen_14_Recomm" integer NOT NULL,
    "STIP_CnRen_14_Accepted" integer NOT NULL,
    "STIP_CnRen_14_CoverAmount" character varying(256) NOT NULL,
    "STIP_CnRen_14_Premium1" character varying(256) NOT NULL,
    "STIP_CnRen_14_Premium2" character varying(256) NOT NULL,
    "STIP_CnRen_14_Excess1" character varying(256) NOT NULL,
    "STIP_CnRen_14_Excess2" character varying(256) NOT NULL,
    "STIP_CnRen_15_Recomm" integer NOT NULL,
    "STIP_CnRen_15_Accepted" integer NOT NULL,
    "STIP_CnRen_15_CoverAmount" character varying(256) NOT NULL,
    "STIP_CnRen_15_Premium1" character varying(256) NOT NULL,
    "STIP_CnRen_15_Premium2" character varying(256) NOT NULL,
    "STIP_CnRen_15_Excess1" character varying(256) NOT NULL,
    "STIP_CnRen_15_Excess2" character varying(256) NOT NULL,
    "STIP_CnRen_16_Recomm" integer NOT NULL,
    "STIP_CnRen_16_Accepted" integer NOT NULL,
    "STIP_CnRen_16_CoverAmount" character varying(256) NOT NULL,
    "STIP_CnRen_16_Premium1" character varying(256) NOT NULL,
    "STIP_CnRen_16_Premium2" character varying(256) NOT NULL,
    "STIP_CnRen_16_Excess1" character varying(256) NOT NULL,
    "STIP_CnRen_16_Excess2" character varying(256) NOT NULL,
    "STIP_CnRen_17_Recomm" integer NOT NULL,
    "STIP_CnRen_17_Accepted" integer NOT NULL,
    "STIP_CnRen_17_CoverAmount" character varying(256) NOT NULL,
    "STIP_CnRen_17_Premium1" character varying(256) NOT NULL,
    "STIP_CnRen_17_Premium2" character varying(256) NOT NULL,
    "STIP_CnRen_17_Excess1" character varying(256) NOT NULL,
    "STIP_CnRen_17_Excess2" character varying(256) NOT NULL,
    "STIP_CnRen_18_Recomm" integer NOT NULL,
    "STIP_CnRen_18_Accepted" integer NOT NULL,
    "STIP_CnRen_18_CoverAmount" character varying(256) NOT NULL,
    "STIP_CnRen_18_Premium1" character varying(256) NOT NULL,
    "STIP_CnRen_18_Premium2" character varying(256) NOT NULL,
    "STIP_CnRen_18_Excess1" character varying(256) NOT NULL,
    "STIP_CnRen_18_Excess2" character varying(256) NOT NULL,
    "STIP_CnRen_19_Recomm" integer NOT NULL,
    "STIP_CnRen_19_Accepted" integer NOT NULL,
    "STIP_CnRen_19_CoverAmount" character varying(256) NOT NULL,
    "STIP_CnRen_19_Premium1" character varying(256) NOT NULL,
    "STIP_CnRen_19_Premium2" character varying(256) NOT NULL,
    "STIP_CnRen_19_Excess1" character varying(256) NOT NULL,
    "STIP_CnRen_19_Excess2" character varying(256) NOT NULL,
    "STIP_CnRen_20_Recomm" integer NOT NULL,
    "STIP_CnRen_20_Accepted" integer NOT NULL,
    "STIP_CnRen_20_CoverAmount" character varying(256) NOT NULL,
    "STIP_CnRen_20_Premium1" character varying(256) NOT NULL,
    "STIP_CnRen_20_Premium2" character varying(256) NOT NULL,
    "STIP_CnRen_20_Excess1" character varying(256) NOT NULL,
    "STIP_CnRen_20_Excess2" character varying(256) NOT NULL,
    "STIP_CnRen_21_Recomm" integer NOT NULL,
    "STIP_CnRen_21_Accepted" integer NOT NULL,
    "STIP_CnRen_21_CoverAmount" character varying(256) NOT NULL,
    "STIP_CnRen_21_Premium1" character varying(256) NOT NULL,
    "STIP_CnRen_21_Premium2" character varying(256) NOT NULL,
    "STIP_CnRen_21_Excess1" character varying(256) NOT NULL,
    "STIP_CnRen_21_Excess2" character varying(256) NOT NULL,
    "STIP_CnRen_22_Recomm" integer NOT NULL,
    "STIP_CnRen_22_Accepted" integer NOT NULL,
    "STIP_CnRen_22_CoverAmount" character varying(256) NOT NULL,
    "STIP_CnRen_22_Premium1" character varying(256) NOT NULL,
    "STIP_CnRen_22_Premium2" character varying(256) NOT NULL,
    "STIP_CnRen_22_Excess1" character varying(256) NOT NULL,
    "STIP_CnRen_22_Excess2" character varying(256) NOT NULL,
    "STIP_CnRen_23_Recomm" integer NOT NULL,
    "STIP_CnRen_23_Accepted" integer NOT NULL,
    "STIP_CnRen_23_CoverAmount" character varying(256) NOT NULL,
    "STIP_CnRen_23_Premium1" character varying(256) NOT NULL,
    "STIP_CnRen_23_Premium2" character varying(256) NOT NULL,
    "STIP_CnRen_23_Excess1" character varying(256) NOT NULL,
    "STIP_CnRen_23_Excess2" character varying(256) NOT NULL,
    "STIP_CnRen_24_Recomm" integer NOT NULL,
    "STIP_CnRen_24_Accepted" integer NOT NULL,
    "STIP_CnRen_24_CoverAmount" character varying(256) NOT NULL,
    "STIP_CnRen_24_Premium1" character varying(256) NOT NULL,
    "STIP_CnRen_24_Premium2" character varying(256) NOT NULL,
    "STIP_CnRen_24_Excess1" character varying(256) NOT NULL,
    "STIP_CnRen_24_Excess2" character varying(256) NOT NULL,
    "STIP_CnRen_25_Recomm" integer NOT NULL,
    "STIP_CnRen_25_Accepted" integer NOT NULL,
    "STIP_CnRen_25_CoverAmount" character varying(256) NOT NULL,
    "STIP_CnRen_25_Premium1" character varying(256) NOT NULL,
    "STIP_CnRen_25_Premium2" character varying(256) NOT NULL,
    "STIP_CnRen_25_Excess1" character varying(256) NOT NULL,
    "STIP_CnRen_25_Excess2" character varying(256) NOT NULL,
    "STIP_CnRen_26_Recomm" integer NOT NULL,
    "STIP_CnRen_26_Accepted" integer NOT NULL,
    "STIP_CnRen_26_CoverAmount" character varying(256) NOT NULL,
    "STIP_CnRen_26_Premium1" character varying(256) NOT NULL,
    "STIP_CnRen_26_Premium2" character varying(256) NOT NULL,
    "STIP_CnRen_26_Excess1" character varying(256) NOT NULL,
    "STIP_CnRen_26_Excess2" character varying(256) NOT NULL,
    "STIP_CnRen_27_Recomm" integer NOT NULL,
    "STIP_CnRen_27_Accepted" integer NOT NULL,
    "STIP_CnRen_27_CoverAmount" character varying(256) NOT NULL,
    "STIP_CnRen_27_Premium1" character varying(256) NOT NULL,
    "STIP_CnRen_27_Premium2" character varying(256) NOT NULL,
    "STIP_CnRen_27_Excess1" character varying(256) NOT NULL,
    "STIP_CnRen_27_Excess2" character varying(256) NOT NULL,
    "STIP_CnRen_FeeCharges" character varying(256) NOT NULL,
    "STIP_CnRen_Commission" character varying(256) NOT NULL,
    "STIP_CnRen_TotalPremium" character varying(256) NOT NULL,
    "STIP_CnRI_AdviseGiven" integer NOT NULL,
    "STIP_CnRI_ReplacePurpose" character varying(256) NOT NULL,
    "STIP_CnRI_ReplaceReason" character varying(256) NOT NULL,
    "STIP_CnRI_ReplaceSupplier" character varying(256) NOT NULL,
    "STIP_HC_ResidentialArea" character varying(256) NOT NULL,
    "STIP_HC_StreetNumber" character varying(256) NOT NULL,
    "STIP_HC_PostalCode" character varying(256) NOT NULL,
    "STIP_HC_ResidenceType" character varying(256) NOT NULL,
    "STIP_HC_Flat_GroundLevel" integer NOT NULL,
    "STIP_HC_WallConstruction" integer NOT NULL,
    "STIP_HC_RoofConstruction" integer NOT NULL,
    "STIP_HC_SM_BurglarBar" integer NOT NULL,
    "STIP_HC_SM_SecurityGate" integer NOT NULL,
    "STIP_HC_SM_AlarmSystem" integer NOT NULL,
    "STIP_HC_SM_SecurityArea" integer NOT NULL,
    "STIP_HC_NoClaimBonus" character varying(256) NOT NULL,
    "STIP_HC_SumInsured" character varying(256) NOT NULL,
    "STIP_HCEx_BusinessType" character varying(256) NOT NULL,
    "STIP_HCEx_InsuredAmount" character varying(256) NOT NULL,
    "STIP_HC_ADI_General1" character varying(256) NOT NULL,
    "STIP_HC_ADI_General2" character varying(256) NOT NULL,
    "STIP_HC_ADI_MechElecBreakdown" character varying(256) NOT NULL,
    "STIP_HC_ADI_ElectronicalBreakdown" character varying(256) NOT NULL,
    "STIP_HC_ADI_PowerSurgeCover1" character varying(256) NOT NULL,
    "STIP_HC_ADI_PowerSurgeCover2" character varying(256) NOT NULL,
    "STIP_HC_ADI_PowerSurgeCover3" character varying(256) NOT NULL,
    "STIP_HC_Fee" character varying(256) NOT NULL,
    "STIP_HC_Commission" character varying(256) NOT NULL,
    "STIP_HC_TotalPremium" character varying(256) NOT NULL,
    "STIP_Build_ResidentialArea" character varying(256) NOT NULL,
    "STIP_Build_StreetNumber" character varying(256) NOT NULL,
    "STIP_Build_PostalCode" character varying(256) NOT NULL,
    "STIP_Build_ResidenceType" character varying(256) NOT NULL,
    "STIP_Build_Type" character varying(256) NOT NULL,
    "STIP_Build_Voluntary" integer NOT NULL,
    "STIP_Build_SnL" integer NOT NULL,
    "STIP_Build_ADI" integer NOT NULL,
    "STIP_Build_WallConstruction" integer NOT NULL,
    "STIP_Build_RoofConstruction" integer NOT NULL,
    "STIP_Build_Fee" character varying(256) NOT NULL,
    "STIP_Build_Commission" character varying(256) NOT NULL,
    "STIP_Build_TotalPremium" character varying(256) NOT NULL,
    "STIP_Build_AdditionalAdvise" character varying(256) NOT NULL,
    "STIP_AddProp_ResidentialArea" character varying(256) NOT NULL,
    "STIP_AddProp_StreetNumber" character varying(256) NOT NULL,
    "STIP_AddProp_PostalCode" character varying(256) NOT NULL,
    "STIP_AddProp_ResidenceType" character varying(256) NOT NULL,
    "STIP_AddProp_Type" character varying(256) NOT NULL,
    "STIP_AddProp_Voluntary" integer NOT NULL,
    "STIP_AddProp_SnL" integer NOT NULL,
    "STIP_AddProp_ADI" integer NOT NULL,
    "STIP_AddProp_WallConstruction" integer NOT NULL,
    "STIP_AddProp_RoofConstruction" integer NOT NULL,
    "STIP_AddProp_Fee" character varying(256) NOT NULL,
    "STIP_AddProp_Commission" character varying(256) NOT NULL,
    "STIP_AddProp_TotalPremium" character varying(256) NOT NULL,
    "STIP_AddProp_AdditionalAdvise" character varying(256) NOT NULL,
    "STIP_Vehicle_Owner" character varying(256) NOT NULL,
    "STIP_Vehicle_RegOwner" character varying(256) NOT NULL,
    "STIP_Vehicle_Usage" character varying(256) NOT NULL,
    "STIP_Vehicle_ONParkingOptions" integer NOT NULL,
    "STIP_Vehicle_ONParking" character varying(256) NOT NULL,
    "STIP_Vehicle_ONOtherParking" character varying(256) NOT NULL,
    "STIP_Vehicle_CoverType" integer NOT NULL,
    "STIP_Vehicle_SM1" integer NOT NULL,
    "STIP_Vehicle_SM2" integer NOT NULL,
    "STIP_Vehicle_SM3" integer NOT NULL,
    "STIP_Vehicle_SM4" integer NOT NULL,
    "STIP_Vehicle_Driver" character varying(256) NOT NULL,
    "STIP_Vehicle_DriverLicIssDate" character varying(256) NOT NULL,
    "STIP_Vehicle_LicCode" character varying(256) NOT NULL,
    "STIP_Vehicle_SumInsured" character varying(256) NOT NULL,
    "STIP_Vehicle_ClaimBonus" character varying(256) NOT NULL,
    "STIP_Vehicle_VoluntaryExcess" integer NOT NULL,
    "STIP_Vehicle_Extras1" integer NOT NULL,
    "STIP_Vehicle_ExtrasAmount1" character varying(256) NOT NULL,
    "STIP_Vehicle_Extras2" integer NOT NULL,
    "STIP_Vehicle_ExtrasAmount2" character varying(256) NOT NULL,
    "STIP_Vehicle_Extras3" integer NOT NULL,
    "STIP_Vehicle_ExtrasAmount3" character varying(256) NOT NULL,
    "STIP_Vehicle_Extras4" integer NOT NULL,
    "STIP_Vehicle_ExtrasAmount4" character varying(256) NOT NULL,
    "STIP_Vehicle_Extras5" integer NOT NULL,
    "STIP_Vehicle_ExtrasAmount5" character varying(256) NOT NULL,
    "STIP_Vehicle_Extras6" integer NOT NULL,
    "STIP_Vehicle_ExtrasAmount6" character varying(256) NOT NULL,
    "STIP_Vehicle_Extras7" integer NOT NULL,
    "STIP_Vehicle_ExtrasAmount7" character varying(256) NOT NULL,
    "STIP_Vehicle_Extras8" integer NOT NULL,
    "STIP_Vehicle_ExtrasAmount8" character varying(256) NOT NULL,
    "STIP_Vehicle_Extras9" integer NOT NULL,
    "STIP_Vehicle_ExtrasAmount9" character varying(256) NOT NULL,
    "STIP_Vehicle_Extras10" integer NOT NULL,
    "STIP_Vehicle_ExtrasAmount10" character varying(256) NOT NULL,
    "STIP_Vehicle_Extras11" integer NOT NULL,
    "STIP_Vehicle_ExtrasAmount11" character varying(256) NOT NULL,
    "STIP_Vehicle_Extras12" integer NOT NULL,
    "STIP_Vehicle_ExtrasAmount12" character varying(256) NOT NULL,
    "STIP_Vehicle_Extras13" integer NOT NULL,
    "STIP_Vehicle_ExtrasAmount13" character varying(256) NOT NULL,
    "STIP_Vehicle_Extras14" character varying(256) NOT NULL,
    "STIP_Vehicle_ExtrasAmount14" character varying(256) NOT NULL,
    "STIP_Vehicle_AC1" integer NOT NULL,
    "STIP_Vehicle_AC2" integer NOT NULL,
    "STIP_Vehicle_AC3" integer NOT NULL,
    "STIP_Vehicle_AC4" integer NOT NULL,
    "STIP_Vehicle_AC5" integer NOT NULL,
    "STIP_Vehicle_Fees" character varying(256) NOT NULL,
    "STIP_Vehicle_Commission" character varying(256) NOT NULL,
    "STIP_Vehicle_TotalPremium" character varying(256) NOT NULL,
    "STIP_Vehicle_Comments" character varying(256) NOT NULL,
    "STIP_MotorC_RegOwner" character varying(256) NOT NULL,
    "STIP_MotorC_Usage" character varying(256) NOT NULL,
    "STIP_MotorC_ONParkingOptions" integer NOT NULL,
    "STIP_MotorC_ONParking" character varying(256) NOT NULL,
    "STIP_MotorC_ONOtherParking" character varying(256) NOT NULL,
    "STIP_MotorC_CoverType" integer NOT NULL,
    "STIP_MotorC_Driver" character varying(256) NOT NULL,
    "STIP_MotorC_Driver1" character varying(256) NOT NULL,
    "STIP_MotorC_DriverLicIssDate" character varying(256) NOT NULL,
    "STIP_MotorC_LicCode" character varying(256) NOT NULL,
    "STIP_MotorC_SumInsured" character varying(256) NOT NULL,
    "STIP_MotorC_ClaimBonus" character varying(256) NOT NULL,
    "STIP_MotorC_Fees" character varying(256) NOT NULL,
    "STIP_MotorC_Commission" character varying(256) NOT NULL,
    "STIP_MotorC_TotalPremium" character varying(256) NOT NULL,
    "STIP_MotorC_Comments" character varying(256) NOT NULL,
    "STIP_Trailer_RegOwner" character varying(256) NOT NULL,
    "STIP_Trailer_Type" character varying(256) NOT NULL,
    "STIP_Trailer_ONParkingOptions" integer NOT NULL,
    "STIP_Trailer_ONOtherParking" character varying(256) NOT NULL,
    "STIP_Trailer_SumInsured" character varying(256) NOT NULL,
    "STIP_Trailer_ClaimBonus" character varying(256) NOT NULL,
    "STIP_Trailer_Fees" character varying(256) NOT NULL,
    "STIP_Trailer_Commission" character varying(256) NOT NULL,
    "STIP_Trailer_TotalPremium" character varying(256) NOT NULL,
    "STIP_Trailer_Comments" character varying(256) NOT NULL,
    "STIP_WaterC_RegOwner" character varying(256) NOT NULL,
    "STIP_WaterC_Type" character varying(256) NOT NULL,
    "STIP_WaterC_Hull" character varying(256) NOT NULL,
    "STIP_WaterC_SumInsured" character varying(256) NOT NULL,
    "STIP_WaterC_VIN" character varying(256) NOT NULL,
    "STIP_WaterC_EngineNumber" character varying(256) NOT NULL,
    "STIP_WaterC_OC_Glitter" character varying(256) NOT NULL,
    "STIP_WaterC_OC_SpecifiedAccessories" character varying(256) NOT NULL,
    "STIP_WaterC_OC_MotorType" character varying(256) NOT NULL,
    "STIP_WaterC_OC_Output" character varying(256) NOT NULL,
    "STIP_WaterC_Fees" character varying(256) NOT NULL,
    "STIP_WaterC_Commission" character varying(256) NOT NULL,
    "STIP_WaterC_TotalPremium" character varying(256) NOT NULL,
    "STIP_WaterC_Comments" character varying(256) NOT NULL,
    "STIP_PersonalLL_IndemnityLimit" integer NOT NULL,
    "STIP_PersonalLL_IndemnityLimitDetail" character varying(256) NOT NULL,
    "STIP_PersonalLL_Fees" character varying(256) NOT NULL,
    "STIP_PersonalLL_Commission" character varying(256) NOT NULL,
    "STIP_PersonalLL_TotalPremium" character varying(256) NOT NULL,
    "STIP_PersonalLL_Comments" character varying(256) NOT NULL,
    "STIP_LegalA_IndemnityLimit" integer NOT NULL,
    "STIP_LegalA_IndemnityLimitDetail" character varying(256) NOT NULL,
    "STIP_LegalA_Fees" character varying(256) NOT NULL,
    "STIP_LegalA_Commission" character varying(256) NOT NULL,
    "STIP_LegalA_TotalPremium" character varying(256) NOT NULL,
    "STIP_LegalA_Comments" character varying(256) NOT NULL,
    "STIP_ProductConsidered" character varying(256) NOT NULL,
    "STIP_ProductRecommended" character varying(256) NOT NULL,
    "STIP_ProductReasons" character varying(256) NOT NULL,
    "STIP_DbyI_IName" character varying(256) NOT NULL,
    "STIP_DbyI_Code" character varying(256) NOT NULL,
    "STIP_DbyI_Signature" character varying(256) NOT NULL,
    "STIP_DbyI_Date" character varying(256) NOT NULL,
    "STIP_MSA_ClientName" character varying(256) NOT NULL,
    "STIP_MSA_ClientIdNumber" character varying(256) NOT NULL,
    "STIP_MSA_ClientAddress" character varying(256) NOT NULL,
    "STIP_MSA_ClientEmail" character varying(256) NOT NULL,
    "STIP_MSA_ClientPhone" character varying(256) NOT NULL,
    "STIP_MSA_ClientDate" character varying(256) NOT NULL,
    "STIP_MSA_Name" character varying(256) NOT NULL,
    "STIP_MSA_MaritalStatus" character varying(256) NOT NULL,
    "STIP_MSA_Gender" character varying(256) NOT NULL,
    "STIP_MSA_Occupation" character varying(256) NOT NULL,
    "STIP_MSA_Income" character varying(256) NOT NULL,
    "STIP_MSA_Subsidy" character varying(256) NOT NULL,
    "STIP_MSA_Dependant" character varying(256) NOT NULL,
    "STIP_MSA_Spouse" character varying(256) NOT NULL,
    "STIP_MSA_AdultDependant" character varying(256) NOT NULL,
    "STIP_MSA_ChronicM" character varying(256) NOT NULL,
    "STIP_MSA_ChronicS" character varying(256) NOT NULL,
    "STIP_MSA_ChronicAD" character varying(256) NOT NULL,
    "STIP_MSA_ChronicC" character varying(256) NOT NULL,
    "STIP_MSA_ChronicOC" character varying(256) NOT NULL,
    "STIP_MSA_PFromDate" character varying(256) NOT NULL,
    "STIP_MSA_PTODate" character varying(256) NOT NULL,
    "STIP_BackInfo" character varying(256) NOT NULL,
    "STIP_SNA_Needs1" integer NOT NULL,
    "STIP_SNA_Comments1" character varying(256) NOT NULL,
    "STIP_SNA_Needs2" integer NOT NULL,
    "STIP_SNA_Comments2" character varying(256) NOT NULL,
    "STIP_SNA_Needs3" integer NOT NULL,
    "STIP_SNA_Comments3" character varying(256) NOT NULL,
    "STIP_SNA_Needs4" integer NOT NULL,
    "STIP_SNA_Comments4" character varying(256) NOT NULL,
    "STIP_SNA_Needs5" integer NOT NULL,
    "STIP_SNA_Comments5" character varying(256) NOT NULL,
    "STIP_SNA_Needs6" integer NOT NULL,
    "STIP_SNA_Comments6" character varying(256) NOT NULL,
    "STIP_SNA_Needs7" integer NOT NULL,
    "STIP_SNA_Comments7" character varying(256) NOT NULL,
    "STIP_SNA_Needs8" integer NOT NULL,
    "STIP_SNA_Comments8" character varying(256) NOT NULL,
    "STIP_SNA_Needs9" integer NOT NULL,
    "STIP_SNA_Comments9" character varying(256) NOT NULL,
    "STIP_SNA_Needs10" integer NOT NULL,
    "STIP_SNA_Comments10" character varying(256) NOT NULL,
    "STIP_CoMAB_Current1" character varying(256) NOT NULL,
    "STIP_CoMAB_Replaced1" character varying(256) NOT NULL,
    "STIP_CoMAB_Current2" character varying(256) NOT NULL,
    "STIP_CoMAB_Replaced2" character varying(256) NOT NULL,
    "STIP_CoMAB_Current3" character varying(256) NOT NULL,
    "STIP_CoMAB_Replaced3" character varying(256) NOT NULL,
    "STIP_CoMAB_Current4" character varying(256) NOT NULL,
    "STIP_CoMAB_Replaced4" character varying(256) NOT NULL,
    "STIP_CoMAB_Current5" character varying(256) NOT NULL,
    "STIP_CoMAB_Replaced5" character varying(256) NOT NULL,
    "STIP_CoMAB_Current6" character varying(256) NOT NULL,
    "STIP_CoMAB_Replaced6" character varying(256) NOT NULL,
    "STIP_CoMAB_Current7" character varying(256) NOT NULL,
    "STIP_CoMAB_Replaced7" character varying(256) NOT NULL,
    "STIP_CoMAB_Current8" character varying(256) NOT NULL,
    "STIP_CoMAB_Replaced8" character varying(256) NOT NULL,
    "STIP_CoMAB_Current9" character varying(256) NOT NULL,
    "STIP_CoMAB_Replaced9" character varying(256) NOT NULL,
    "STIP_CoMAB_Current10" character varying(256) NOT NULL,
    "STIP_CoMAB_Replaced10" character varying(256) NOT NULL,
    "STIP_CoMAB_Current11" character varying(256) NOT NULL,
    "STIP_CoMAB_Replaced11" character varying(256) NOT NULL,
    "STIP_CoMAB_Current12" character varying(256) NOT NULL,
    "STIP_CoMAB_Replaced12" character varying(256) NOT NULL,
    "STIP_SectionD_SnF" character varying(256) NOT NULL,
    "STIP_SectionE_PMB" character varying(256) NOT NULL,
    "STIP_SectionF_NotAccepted" character varying(256) NOT NULL,
    "STIP_SectionF_Reasons" character varying(256) NOT NULL,
    "STIP_SectionF_Consequences" integer NOT NULL,
    "STIP_SectionF_Fee" character varying(256) NOT NULL,
    "STIP_SectionF_Comments" character varying(256) NOT NULL,
    "STIP_SectionF_Date" character varying(256) NOT NULL,
    "STIP_SectionF_ClientName" character varying(256) NOT NULL,
    status integer NOT NULL,
    created_at timestamp with time zone NOT NULL,
    updated_at timestamp with time zone NOT NULL
);


ALTER TABLE public.data_shortterminsurancepersonal OWNER TO sfproa;

--
-- Name: data_shortterminsurancepersonal_id_seq; Type: SEQUENCE; Schema: public; Owner: sfproa
--

ALTER TABLE public.data_shortterminsurancepersonal ALTER COLUMN id ADD GENERATED BY DEFAULT AS IDENTITY (
    SEQUENCE NAME public.data_shortterminsurancepersonal_id_seq
    START WITH 1
    INCREMENT BY 1
    NO MINVALUE
    NO MAXVALUE
    CACHE 1
);


--
-- Name: data_useraccount; Type: TABLE; Schema: public; Owner: sfproa
--

CREATE TABLE public.data_useraccount (
    id bigint NOT NULL,
    last_login timestamp with time zone,
    email character varying(255) NOT NULL,
    username character varying(255),
    name character varying(255) NOT NULL,
    partial_password boolean NOT NULL,
    admin_id integer NOT NULL,
    password character varying(255) NOT NULL,
    is_active integer NOT NULL,
    is_staff boolean NOT NULL,
    is_superuser boolean NOT NULL,
    role integer NOT NULL
);


ALTER TABLE public.data_useraccount OWNER TO sfproa;

--
-- Name: data_useraccount_groups; Type: TABLE; Schema: public; Owner: sfproa
--

CREATE TABLE public.data_useraccount_groups (
    id bigint NOT NULL,
    useraccount_id bigint NOT NULL,
    group_id integer NOT NULL
);


ALTER TABLE public.data_useraccount_groups OWNER TO sfproa;

--
-- Name: data_useraccount_groups_id_seq; Type: SEQUENCE; Schema: public; Owner: sfproa
--

ALTER TABLE public.data_useraccount_groups ALTER COLUMN id ADD GENERATED BY DEFAULT AS IDENTITY (
    SEQUENCE NAME public.data_useraccount_groups_id_seq
    START WITH 1
    INCREMENT BY 1
    NO MINVALUE
    NO MAXVALUE
    CACHE 1
);


--
-- Name: data_useraccount_id_seq; Type: SEQUENCE; Schema: public; Owner: sfproa
--

ALTER TABLE public.data_useraccount ALTER COLUMN id ADD GENERATED BY DEFAULT AS IDENTITY (
    SEQUENCE NAME public.data_useraccount_id_seq
    START WITH 1
    INCREMENT BY 1
    NO MINVALUE
    NO MAXVALUE
    CACHE 1
);


--
-- Name: data_useraccount_user_permissions; Type: TABLE; Schema: public; Owner: sfproa
--

CREATE TABLE public.data_useraccount_user_permissions (
    id bigint NOT NULL,
    useraccount_id bigint NOT NULL,
    permission_id integer NOT NULL
);


ALTER TABLE public.data_useraccount_user_permissions OWNER TO sfproa;

--
-- Name: data_useraccount_user_permissions_id_seq; Type: SEQUENCE; Schema: public; Owner: sfproa
--

ALTER TABLE public.data_useraccount_user_permissions ALTER COLUMN id ADD GENERATED BY DEFAULT AS IDENTITY (
    SEQUENCE NAME public.data_useraccount_user_permissions_id_seq
    START WITH 1
    INCREMENT BY 1
    NO MINVALUE
    NO MAXVALUE
    CACHE 1
);


--
-- Name: django_admin_log; Type: TABLE; Schema: public; Owner: sfproa
--

CREATE TABLE public.django_admin_log (
    id integer NOT NULL,
    action_time timestamp with time zone NOT NULL,
    object_id text,
    object_repr character varying(200) NOT NULL,
    action_flag smallint NOT NULL,
    change_message text NOT NULL,
    content_type_id integer,
    user_id bigint NOT NULL,
    CONSTRAINT django_admin_log_action_flag_check CHECK ((action_flag >= 0))
);


ALTER TABLE public.django_admin_log OWNER TO sfproa;

--
-- Name: django_admin_log_id_seq; Type: SEQUENCE; Schema: public; Owner: sfproa
--

ALTER TABLE public.django_admin_log ALTER COLUMN id ADD GENERATED BY DEFAULT AS IDENTITY (
    SEQUENCE NAME public.django_admin_log_id_seq
    START WITH 1
    INCREMENT BY 1
    NO MINVALUE
    NO MAXVALUE
    CACHE 1
);


--
-- Name: django_content_type; Type: TABLE; Schema: public; Owner: sfproa
--

CREATE TABLE public.django_content_type (
    id integer NOT NULL,
    app_label character varying(100) NOT NULL,
    model character varying(100) NOT NULL
);


ALTER TABLE public.django_content_type OWNER TO sfproa;

--
-- Name: django_content_type_id_seq; Type: SEQUENCE; Schema: public; Owner: sfproa
--

ALTER TABLE public.django_content_type ALTER COLUMN id ADD GENERATED BY DEFAULT AS IDENTITY (
    SEQUENCE NAME public.django_content_type_id_seq
    START WITH 1
    INCREMENT BY 1
    NO MINVALUE
    NO MAXVALUE
    CACHE 1
);


--
-- Name: django_migrations; Type: TABLE; Schema: public; Owner: sfproa
--

CREATE TABLE public.django_migrations (
    id bigint NOT NULL,
    app character varying(255) NOT NULL,
    name character varying(255) NOT NULL,
    applied timestamp with time zone NOT NULL
);


ALTER TABLE public.django_migrations OWNER TO sfproa;

--
-- Name: django_migrations_id_seq; Type: SEQUENCE; Schema: public; Owner: sfproa
--

ALTER TABLE public.django_migrations ALTER COLUMN id ADD GENERATED BY DEFAULT AS IDENTITY (
    SEQUENCE NAME public.django_migrations_id_seq
    START WITH 1
    INCREMENT BY 1
    NO MINVALUE
    NO MAXVALUE
    CACHE 1
);


--
-- Name: django_session; Type: TABLE; Schema: public; Owner: sfproa
--

CREATE TABLE public.django_session (
    session_key character varying(40) NOT NULL,
    session_data text NOT NULL,
    expire_date timestamp with time zone NOT NULL
);


ALTER TABLE public.django_session OWNER TO sfproa;

--
-- Name: token_blacklist_blacklistedtoken; Type: TABLE; Schema: public; Owner: sfproa
--

CREATE TABLE public.token_blacklist_blacklistedtoken (
    id bigint NOT NULL,
    blacklisted_at timestamp with time zone NOT NULL,
    token_id bigint NOT NULL
);


ALTER TABLE public.token_blacklist_blacklistedtoken OWNER TO sfproa;

--
-- Name: token_blacklist_blacklistedtoken_id_seq; Type: SEQUENCE; Schema: public; Owner: sfproa
--

ALTER TABLE public.token_blacklist_blacklistedtoken ALTER COLUMN id ADD GENERATED BY DEFAULT AS IDENTITY (
    SEQUENCE NAME public.token_blacklist_blacklistedtoken_id_seq
    START WITH 1
    INCREMENT BY 1
    NO MINVALUE
    NO MAXVALUE
    CACHE 1
);


--
-- Name: token_blacklist_outstandingtoken; Type: TABLE; Schema: public; Owner: sfproa
--

CREATE TABLE public.token_blacklist_outstandingtoken (
    id bigint NOT NULL,
    token text NOT NULL,
    created_at timestamp with time zone,
    expires_at timestamp with time zone NOT NULL,
    user_id bigint,
    jti character varying(255) NOT NULL
);


ALTER TABLE public.token_blacklist_outstandingtoken OWNER TO sfproa;

--
-- Name: token_blacklist_outstandingtoken_id_seq; Type: SEQUENCE; Schema: public; Owner: sfproa
--

ALTER TABLE public.token_blacklist_outstandingtoken ALTER COLUMN id ADD GENERATED BY DEFAULT AS IDENTITY (
    SEQUENCE NAME public.token_blacklist_outstandingtoken_id_seq
    START WITH 1
    INCREMENT BY 1
    NO MINVALUE
    NO MAXVALUE
    CACHE 1
);


--
-- Data for Name: auth_group; Type: TABLE DATA; Schema: public; Owner: sfproa
--

COPY public.auth_group (id, name) FROM stdin;
\.


--
-- Data for Name: auth_group_permissions; Type: TABLE DATA; Schema: public; Owner: sfproa
--

COPY public.auth_group_permissions (id, group_id, permission_id) FROM stdin;
\.


--
-- Data for Name: auth_permission; Type: TABLE DATA; Schema: public; Owner: sfproa
--

COPY public.auth_permission (id, name, content_type_id, codename) FROM stdin;
1	Can add log entry	1	add_logentry
2	Can change log entry	1	change_logentry
3	Can delete log entry	1	delete_logentry
4	Can view log entry	1	view_logentry
5	Can add permission	2	add_permission
6	Can change permission	2	change_permission
7	Can delete permission	2	delete_permission
8	Can view permission	2	view_permission
9	Can add group	3	add_group
10	Can change group	3	change_group
11	Can delete group	3	delete_group
12	Can view group	3	view_group
13	Can add content type	4	add_contenttype
14	Can change content type	4	change_contenttype
15	Can delete content type	4	delete_contenttype
16	Can view content type	4	view_contenttype
17	Can add session	5	add_session
18	Can change session	5	change_session
19	Can delete session	5	delete_session
20	Can view session	5	view_session
21	Can add assurance investment	6	add_assuranceinvestment
22	Can change assurance investment	6	change_assuranceinvestment
23	Can delete assurance investment	6	delete_assuranceinvestment
24	Can view assurance investment	6	view_assuranceinvestment
25	Can add assurance risk	7	add_assurancerisk
26	Can change assurance risk	7	change_assurancerisk
27	Can delete assurance risk	7	delete_assurancerisk
28	Can view assurance risk	7	view_assurancerisk
29	Can add employee benefits	8	add_employeebenefits
30	Can change employee benefits	8	change_employeebenefits
31	Can delete employee benefits	8	delete_employeebenefits
32	Can view employee benefits	8	view_employeebenefits
33	Can add fiduciary	9	add_fiduciary
34	Can change fiduciary	9	change_fiduciary
35	Can delete fiduciary	9	delete_fiduciary
36	Can view fiduciary	9	view_fiduciary
37	Can add form	10	add_form
38	Can change form	10	change_form
39	Can delete form	10	delete_form
40	Can view form	10	view_form
41	Can add investment planning	11	add_investmentplanning
42	Can change investment planning	11	change_investmentplanning
43	Can delete investment planning	11	delete_investmentplanning
44	Can view investment planning	11	view_investmentplanning
45	Can add risk planning	12	add_riskplanning
46	Can change risk planning	12	change_riskplanning
47	Can delete risk planning	12	delete_riskplanning
48	Can view risk planning	12	view_riskplanning
49	Can add user account	13	add_useraccount
50	Can change user account	13	change_useraccount
51	Can delete user account	13	delete_useraccount
52	Can view user account	13	view_useraccount
53	Can add short term insurance commerical	14	add_shortterminsurancecommerical
54	Can change short term insurance commerical	14	change_shortterminsurancecommerical
55	Can delete short term insurance commerical	14	delete_shortterminsurancecommerical
56	Can view short term insurance commerical	14	view_shortterminsurancecommerical
57	Can add gap cover	15	add_gapcover
58	Can change gap cover	15	change_gapcover
59	Can delete gap cover	15	delete_gapcover
60	Can view gap cover	15	view_gapcover
61	Can add short term insurance personal	16	add_shortterminsurancepersonal
62	Can change short term insurance personal	16	change_shortterminsurancepersonal
63	Can delete short term insurance personal	16	delete_shortterminsurancepersonal
64	Can view short term insurance personal	16	view_shortterminsurancepersonal
65	Can add Token	17	add_token
66	Can change Token	17	change_token
67	Can delete Token	17	delete_token
68	Can view Token	17	view_token
69	Can add token	18	add_tokenproxy
70	Can change token	18	change_tokenproxy
71	Can delete token	18	delete_tokenproxy
72	Can view token	18	view_tokenproxy
73	Can add blacklisted token	19	add_blacklistedtoken
74	Can change blacklisted token	19	change_blacklistedtoken
75	Can delete blacklisted token	19	delete_blacklistedtoken
76	Can view blacklisted token	19	view_blacklistedtoken
77	Can add outstanding token	20	add_outstandingtoken
78	Can change outstanding token	20	change_outstandingtoken
79	Can delete outstanding token	20	delete_outstandingtoken
80	Can view outstanding token	20	view_outstandingtoken
\.


--
-- Data for Name: authtoken_token; Type: TABLE DATA; Schema: public; Owner: sfproa
--

COPY public.authtoken_token (key, created, user_id) FROM stdin;
\.


--
-- Data for Name: data_assuranceinvestment; Type: TABLE DATA; Schema: public; Owner: sfproa
--

COPY public.data_assuranceinvestment (id, "advisorId", "formId", "AI_Term", "AI_TermDetails", "AI_PremiumType", "AI_PremiumTypeDetails", "AI_Strategy", "AI_StrategyDetails", "AI_ReturnRequired", "AI_ReturnRequiredDetails", "AI_RiskProfile", "AI_RiskProfileDetails", "AI_TRP_TotalNeed", "AI_TRP_ExistingProvisions", "AI_TRP_ExistingShortfallSurplus", "AI_TRP_ExistingInvestments", "AI_RA_TotalNeed", "AI_RA_ExistingProvisions", "AI_RA_ExistingShortfallSurplus", "AI_RA_ExistingInvestments", "AI_CR_TotalNeed", "AI_CR_ExistingProvisions", "AI_CR_ExistingShortfallSurplus", "AI_CR_ExistingInvestments", "AI_Other_TotalNeed", "AI_Other_ExistingProvisions", "AI_Other_ExistingShortfallSurplus", "AI_FinancialSolutions", "AI_AltS_1", "AI_AltS_2", "AI_AltS_3", "AI_Pr_Provider", "AI_Pr_PolicyNumber", "AI_Pr_Name", "AI_Pr_Premium", "AI_Pr_PremiumFrequency", "AI_Pr_Escalation", "AI_Pr_EAC", "AI_Pr_ContractingParty", "AI_Pr_LivesAssured", "AI_Pr_Beneficiary", "AI_Pr_IniC", "AI_Pr_IniC_Percentage", "AI_Pr_OnC", "AI_Pr_OnC_Percentage", "AI_Portfolio", "AI_PF_1", "AI_PF_Percentage1", "AI_PF_Provided1", "AI_PF_Discussed1", "AI_PF_2", "AI_PF_Percentage2", "AI_PF_Provided2", "AI_PF_Discussed2", "AI_PF_3", "AI_PF_Percentage3", "AI_PF_Provided3", "AI_PF_Discussed3", "AI_PF_4", "AI_PF_Percentage4", "AI_PF_Provided4", "AI_PF_Discussed4", "AI_PF_5", "AI_PF_Percentage5", "AI_PF_Provided5", "AI_PF_Discussed5", "AI_PF_6", "AI_PF_Percentage6", "AI_PF_Provided6", "AI_PF_Discussed6", "AI_PF_7", "AI_PF_Percentage7", "AI_PF_Provided7", "AI_PF_Discussed7", "AI_PF_Reasons", "AI_PF_MaterialAspects", "AI_PF_Pr_Details", "AI_PF_NominationOfBeneficiaries", status, created_at, updated_at, "AI_Pr_PremiumPayer", "AI_Other_ExistingInvestments", "AI_SourceOfFunds", "AI_SourceOfFundsDetail", "AI_Other") FROM stdin;
1	5	1			1		1		1		1																									0													f	f			f	f			f	f			f	f			f	f			f	f			f	f					1	2023-01-17 06:13:07.50946+00	2023-01-17 06:13:07.509476+00					
2	2	3			1		1		1		1																									0													f	f			f	f			f	f			f	f			f	f			f	f			f	f					1	2023-01-25 05:55:04.333911+00	2023-01-25 05:55:04.333929+00					
\.


--
-- Data for Name: data_assurancerisk; Type: TABLE DATA; Schema: public; Owner: sfproa
--

COPY public.data_assurancerisk (id, "advisorId", "formId", "AR_BusinessTradeName", "AR_BusinessRegisteredName", "AR_BusinessAuthorisedPersons", "AR_BusinessFinancialAdvisor", "AR_BusinessAddress", "AR_BusinessEmail", "AR_BusinessPhoneNumber", "AR_BusinessDate", "AR_ComDisc_AuthorizedPerson", "AR_ComDisc_AuthorizedPersonDetail", "AR_ComDisc_Authority", "AR_ComDisc_AuthorityDetail", "AR_FICA", "AR_FICADetail", "AR_RepPrs_Taken", "AR_RepPrs_TakenDetail", "AR_RepPrs_Cancelled", "AR_RepPrs_CancelledDetail", "AR_SourceOfFunds", "AR_SourceOfFundsDetail", "AR_ReplacementBackInfo", "AR_BusA_BnS", "AR_BusA_KeyP_Insurance", "AR_BusA_ContingentLiability", "AR_BusA_BusOvProt", "AR_BusA_CLARedm", "AR_BusA_DebitLoanRedemption", "AR_BusA_FundingOfFutureExpenses", "AR_BusA_FundingOfDeferredGratuities", "AR_BusA_Details", "AR_BnS_DiC_TotalNeed", "AR_BnS_DiC_ExistingProvisions", "AR_BnS_DiC_ExistingShortfallSurplus", "AR_BnS_DiC_Investments", "AR_BnS_OtherTotalNeed", "AR_BnS_OtherExistingProvisions", "AR_BnS_OtherExistingShortfallSurplus", "AR_BnS_OtherInvestments", "AR_BnS_Comments", "AR_KeyP_DC_TotalNeed", "AR_KeyP_DC_ExistingProvisions", "AR_KeyP_DC_ExistingShortfallSurplus", "AR_KeyP_DC_Investments", "AR_KeyP_DiC_TotalNeed", "AR_KeyP_DiC_ExistingProvisions", "AR_KeyP_DiC_ExistingShortfallSurplus", "AR_KeyP_DiC_Investments", "AR_KeyP_TI_CoverTotalNeed", "AR_KeyP_TI_CoverExistingProvisions", "AR_KeyP_TI_CoverExistingShortfallSurplus", "AR_KeyP_TI_CoverInvestments", "AR_KeyP_PI_CoverTotalNeed", "AR_KeyP_PI_CoverExistingProvisions", "AR_KeyP_PI_CoverExistingShortfallSurplus", "AR_KeyP_PI_CoverInvestments", "AR_KeyP_OtherTotalNeed", "AR_KeyP_OtherExistingProvisions", "AR_KeyP_OtherExistingShortfallSurplus", "AR_KeyP_OtherInvestments", "AR_KeyP_Comments", "AR_SureNLia_DiC_TotalNeed", "AR_SureNLia_DiC_Investments", "AR_SureNLia_OtherTotalNeed", "AR_SureNLia_OtherInvestments", "AR_SureNLia_Comments", "AR_BusOvProt_TI_CoverTotalNeed", "AR_BusOvProt_TI_CoverExistingProvisions", "AR_BusOvProt_TI_CoverExistingShortfallSurplus", "AR_BusOvProt_TI_CoverInvestments", "AR_BusOvProt_PI_CoverTotalNeed", "AR_BusOvProt_PI_CoverExistingProvisions", "AR_BusOvProt_PI_CoverExistingShortfallSurplus", "AR_BusOvProt_PI_CoverInvestments", "AR_BusOvProt_OtherTotalNeed", "AR_BusOvProt_OtherExistingProvisions", "AR_BusOvProt_OtherExistingShortfallSurplus", "AR_BusOvProt_OtherInvestments", "AR_BusOvProt_Comments", "AR_CLARedm_DC_TotalNeed", "AR_CLARedm_DC_ExistingProvisions", "AR_CLARedm_DC_ExistingShortfallSurplus", "AR_CLARedm_DC_Investments", "AR_CLARedm_DiC_TotalNeed", "AR_CLARedm_DiC_ExistingProvisions", "AR_CLARedm_DiC_ExistingShortfallSurplus", "AR_CLARedm_DiC_Investments", "AR_DLARedm_DC_TotalNeed", "AR_DLARedm_DC_ExistingProvisions", "AR_DLARedm_DC_ExistingShortfallSurplus", "AR_DLARedm_DC_Investments", "AR_DLARedm_DiC_TotalNeed", "AR_DLARedm_DiC_ExistingProvisions", "AR_DLARedm_DiC_ExistingShortfallSurplus", "AR_DLARedm_DiC_Investments", "AR_LifeCoverFinancialSolutions", "AR_DiC_FinancialSolutions", "AR_AltS_1", "AR_AltS_2", "AR_AltS_3", "AR_ProductProvider", "AR_PolicyNumber", "AR_ProductName", "AR_ProductPremium", "AR_ProductPremiumFrequency", "AR_ProductPattern", "AR_ProductEscalation", "AR_ProductContractingParty", "AR_ProductLivesAssured", "AR_ProductPremiumPayer", "AR_Product1stYearCommission", "AR_Product2ndYearCommission", "AR_BenDesc_1", "AR_BenDesc_CoverAmount1", "AR_BenDesc_2", "AR_BenDesc_CoverAmount2", "AR_BenDesc_3", "AR_BenDesc_CoverAmount3", "AR_BenDesc_4", "AR_BenDesc_CoverAmount4", "AR_BenDesc_5", "AR_BenDesc_CoverAmount5", "AR_BenDesc_6", "AR_BenDesc_CoverAmount6", "AR_BenDesc_7", "AR_BenDesc_CoverAmount7", "AR_ProductReasons", "AR_ProductMaterialAspects", "AR_ProductDetails", "AR_ProductBriefSummary", "AR_Cessionaries", "AR_InformationExplained", status, created_at, updated_at, "AR_SureNLia_DC_Provisions", "AR_SureNLia_DC_ShortfallSurplus", "AR_SureNLia_DC_TotalNeed", "AR_BnS_DC_Provisions", "AR_BnS_DC_ShortfallSurplus", "AR_BnS_DC_TotalNeed", "AR_RepPrs_Explained", "AR_RepPrs_ExplainedDetail", "AR_CLARedm_OtherExistingProvisions", "AR_CLARedm_OtherExistingShortfallSurplus", "AR_CLARedm_OtherInvestments", "AR_CLARedm_OtherTotalNeed", "AR_DLARedm_OtherExistingProvisions", "AR_DLARedm_OtherExistingShortfallSurplus", "AR_DLARedm_OtherInvestments", "AR_DLARedm_OtherTotalNeed", "AR_SureNLia_DiC_Provisions", "AR_SureNLia_DiC_ShortfallSurplus", "AR_BnS_DC_Investments", "AR_SureNLia_DC_Investments", "AR_SureNLia_OtherProvisions", "AR_SureNLia_OtherShortfallSurplus", "AR_BnS_Other", "AR_BusOvProt_Other", "AR_CLARedm_Other", "AR_DLARedm_Other", "AR_KeyP_Other", "AR_SureNLia_Other") FROM stdin;
1	5	1									0		0		0		0		0		0			f	f	f	f	f	f	f	f																																																																											0																												1	2023-01-17 06:13:07.827482+00	2023-01-17 06:13:07.827499+00							0																					
2	2	3									0		0		0		0		0		0			f	f	f	f	f	f	f	f																																																																											0																												1	2023-01-25 05:55:04.617716+00	2023-01-25 05:55:04.617735+00							0																					
\.


--
-- Data for Name: data_employeebenefits; Type: TABLE DATA; Schema: public; Owner: sfproa
--

COPY public.data_employeebenefits (id, "advisorId", "formId", "EB_ClientName", "EB_ClientIdNumber", "EB_ClientAddress", "EB_ClientPhoneNumber", "EB_ClientCellNumber", "EB_ClientEmail", "EB_ClientDate", "EB_ClientFinancialAdvisor", "EB_ClientFeeDetails", "EB_BusinessName", "EB_BusinessAddress", "EB_BusinessContactPerson", "EB_BusinessPhoneNumber", "EB_BusinessCellNumber", "EB_BusinessEmail", "EB_BusinessNature", "EB_BusinessUnion", "EB_BusinessDetails", "EB_BusinessNumberOfEmployees", "EB_BusinessNumberOfEligibleEmployees", "EB_BusinessNumberOfExcludedCategories", "EB_BusEx_FundsName", "EB_BusEx_FundsAdmin", "EB_BusEx_FundsCurrentValue", "EB_BusEx_FundsActiveMembers", "EB_BusEx_FundsFullyPaidMembers", "EB_BusEx_FundsFullyReasonForChange", "EB_BusB_CoverType", "EB_BusB_Cover", "EB_BusB_CoverDetails", "EB_BusEmp_Retire_In5Years", "EB_BusEmp_Retire_In5YearsPercentage", "EB_BusEmp_Fin_Illiterate", "EB_BusEmp_Fin_IlliteratePercentage", "EB_BusEmp_Fin_Sophisticated", "EB_BusEmp_Fin_SophisticatedPercentage", "EB_BusHS_TurnOver", "EB_BusHS_TurnOverPercentage", "EB_BusI_Choice", "EB_BusI_ChoicePercentage", "EB_BusinessItP", "EB_BusinessItP_Percentage", "EB_BusEmp_AdditionalComments", "EB_BusRB_Category1", "EB_BusRB_Category2", "EB_BusRB_Category3", "EB_BusRB_Category4", "EB_BusRB_MemContrib_Category1", "EB_BusRB_MemContrib_Category2", "EB_BusRB_MemContrib_Category3", "EB_BusRB_MemContrib_Category4", "EB_BusRB_EmpContrib_Category1", "EB_BusRB_EmpContrib_Category2", "EB_BusRB_EmpContrib_Category3", "EB_BusRB_EmpContrib_Category4", "EB_BusRB_NormRetire_AgeCategory1", "EB_BusRB_NormRetire_AgeCategory2", "EB_BusRB_NormRetire_AgeCategory3", "EB_BusRB_NormRetire_AgeCategory4", "EB_BusRB_FlexibleGroupLife", "EB_BusRB_Approved", "EB_BusRB_ApprovedCategory1", "EB_BusRB_ApprovedCategory2", "EB_BusRB_ApprovedCategory3", "EB_BusRB_ApprovedCategory4", "EB_BusRB_UnApproved", "EB_BusRB_UnApprovedCategory1", "EB_BusRB_UnApprovedCategory2", "EB_BusRB_UnApprovedCategory3", "EB_BusRB_UnApprovedCategory4", "EB_BusinessRiskFundTakeOver", "EB_BusRB_SpouseLC_Category1", "EB_BusRB_SpouseLC_Category2", "EB_BusRB_SpouseLC_Category3", "EB_BusRB_SpouseLC_Category4", "EB_BusRB_SpouseLC_Notes", "EB_BusRB_TrauBenSa_Category1", "EB_BusRB_TrauBenSa_Category2", "EB_BusRB_TrauBenSa_Category3", "EB_BusRB_TrauBenSa_Category4", "EB_BusRB_FB_CoverCategory1", "EB_BusRB_FB_CoverCategory2", "EB_BusRB_FB_CoverCategory3", "EB_BusRB_FB_CoverCategory4", "EB_BusRB_CapDisBen_Approved", "EB_BusRB_CapDisBen_ApprovedCategory1", "EB_BusRB_CapDisBen_ApprovedCategory2", "EB_BusRB_CapDisBen_ApprovedCategory3", "EB_BusRB_CapDisBen_ApprovedCategory4", "EB_BusRB_CapDisBen_UnApproved", "EB_BusRB_CapDisBen_UnApprovedCategory1", "EB_BusRB_CapDisBen_UnApprovedCategory2", "EB_BusRB_CapDisBen_UnApprovedCategory3", "EB_BusRB_CapDisBen_UnApprovedCategory4", "EB_BusRB_DiIBenWaitPer_Category1", "EB_BusRB_DiIBenWaitPer_Category2", "EB_BusRB_DiIBenWaitPer_Category3", "EB_BusRB_DiIBenWaitPer_Category4", "EB_BusRB_ConvOp", "EB_BusRB_GrowthRates", "EB_BusRB_DisabilityBenefitsNotes", "EB_BusRB_AccidentBenefit", "EB_BusRB_AccidentBenefitCategory1", "EB_BusRB_AccidentBenefitCategory2", "EB_BusRB_AccidentBenefitCategory3", "EB_BusRB_AccidentBenefitCategory4", "EB_BusRB_AccidentBenefitReason", "EB_BusRB_DiC_Reason", "EB_BusRecom_ProductAdmin", "EB_BusRecom_ProductName", "EB_BusRecom_FundType", "EB_BusRecom_RecommendationFundType", "EB_BusRecom_Porfolio", "EB_BusRecom_ClientAccepted", "EB_BusRecom_ClientRisks", "EB_BusFReplace_Name", "EB_BusFReplace_RegNo", "EB_BusFReplace_Type", "EB_BusFReplace_Detail", "EB_BusFReplace_FeeChargesReplaced", "EB_BusFReplace_FeeChargesExisting", "EB_BusFReplace_TnC_Replaced", "EB_BusFReplace_TnC_Existing", "EB_BusFReplace_HealthChangesReplaced", "EB_BusFReplace_HealthChangesExisting", "EB_BusFReplace_TaxImplicationsReplaced", "EB_BusFReplace_TaxImplicationsExisting", "EB_BusFReplace_MaterialDifferencesReplaced", "EB_BusFReplace_MaterialDifferencesExisting", "EB_BusFReplace_PenaltiesReplaced", "EB_BusFReplace_PenaltiesExisting", "EB_BusFReplace_RealisedReplaced", "EB_BusFReplace_RealisedExisting", "EB_BusFReplace_EligGr_Proposed", "EB_BusFReplace_EligGr_Existing", "EB_BusFReplace_MemContrib_Proposed", "EB_BusFReplace_MemContrib_Existing", "EB_BusFReplace_EmpContrib_Proposed", "EB_BusFReplace_EmpContrib_Existing", "EB_BusFReplace_EmpContrib_PercentageProposed", "EB_BusFReplace_EmpContrib_PercentageExisting", "EB_BusFReplace_BenPayDis_Proposed", "EB_BusFReplace_BenPayDis_Existing", "EB_BusFReplace_BenPayD_Proposed", "EB_BusFReplace_BenPayD_Existing", "EB_BusFReplace_BenPayW_Proposed", "EB_BusFReplace_BenPayW_Existing", "EB_BusFReplace_BenPayRe_Proposed", "EB_BusFReplace_BenPayRe_Existing", "EB_BusFReplace_NormRetire_AgeProposed", "EB_BusFReplace_NormRetire_AgeExisting", "EB_BusFReplace_ConvOp_Proposed", "EB_BusFReplace_ConvOp_Existing", "EB_BusFReplace_HouseL_Proposed", "EB_BusFReplace_HouseL_Existing", "EB_BusFReplace_AdminC_Proposed", "EB_BusFReplace_AdminC_Existing", "EB_BusFReplace_InvestFee_Proposed", "EB_BusFReplace_InvestFee_Existing", "EB_BusFReplace_CoR_Proposed", "EB_BusFReplace_CoR_Existing", "EB_BusFReplace_BenA_Proposed", "EB_BusFReplace_BenA_Existing", "EB_BusFReplace_InvestCh_Proposed", "EB_BusFReplace_InvestCh_Existing", status, created_at, updated_at, "EB_BusRB_DrC_Reason", "EB_BusRB_DrC_Summary", "EB_BusFReplace_AdminFee_Existing", "EB_BusFReplace_AdminFee_Proposed") FROM stdin;
1	5	1																	0											0	1		0		0		0		0		0		0																				1					1					1														1					1					0	0	0	0				0											0	0					0																																															1	2023-01-17 06:13:07.8367+00	2023-01-17 06:13:07.836719+00				
2	2	3																	0											0	1		0		0		0		0		0		0																				1					1					1														1					1					0	0	0	0				0											0	0					0																																															1	2023-01-25 05:55:04.56038+00	2023-01-25 05:55:04.5604+00				
\.


--
-- Data for Name: data_fiduciary; Type: TABLE DATA; Schema: public; Owner: sfproa
--

COPY public.data_fiduciary (id, "advisorId", "formId", "fiduciaryWillInPlace", "fiduciaryWillUpdationDate", "fiduciaryWillKeepingPlace", "fiduciaryExecutorDetails", "fiduciaryClientInstructions", "fiduciaryConsequencesExplained", status, created_at, updated_at) FROM stdin;
\.


--
-- Data for Name: data_form; Type: TABLE DATA; Schema: public; Owner: sfproa
--

COPY public.data_form (id, "advisorId", "clientName", "clientIdNumber", "clientAddress", "clientPhoneNumber", "clientEmail", "clientDateOfBirth", "clientLetterOfIntroduction", "clientLetterOfIntroductionReason", "clientLetterOfIntroductionAccess", "clientLetterOfIntroductionAccessReason", "clientFica", "clientFicaReason", "clientBackgroundInfo", status, created_at, updated_at) FROM stdin;
2	1	Armughan	3320312345678	Lahore	03001234567	Armughan03@gmail.com	2023-01-17	1	Hmmm	0	Hmmm	1		Hi	0	2023-01-17 06:41:23.903891+00	2023-01-17 06:41:23.903904+00
1	5	bh	636	House no 536 block B satellite town	03362487569	bhdd@gmail.com	2023-01-17	1		1		1		abcf	1	2023-01-17 05:39:00.431497+00	2023-01-17 05:39:00.431578+00
3	2	Salmaan Hoosen	098765432	Plot 129 road 3 Eloff	12345678911	just_salmaan@gmail.com	2023-01-24	1		1		1		The quick brown fox jumps over the lazy dog	0	2023-01-24 10:25:42.018254+00	2023-01-24 10:25:42.018267+00
4	18	Test-name	1234567890	3 Vic Rd, Stown, Jhb	00123456789	use@email.com	2023-01-24	1		1		1		123	0	2023-01-24 10:25:48.233652+00	2023-01-24 10:25:48.233666+00
\.


--
-- Data for Name: data_gapcover; Type: TABLE DATA; Schema: public; Owner: sfproa
--

COPY public.data_gapcover (id, "advisorId", "formId", "GP_ClientName", "GP_ClientIdNumber", "GP_ClientAddress", "GP_ClientEmail", "GP_ClientPhoneNumber", "GP_ClientMedicalAidName", "GP_ClientInceptionDate", "GP_Date", "GP_Benefits", "GP_MedicalDependent", "GP_MemberName1", "GP_MemberRelationship1", "GP_MemberAidPlan1", "GP_MemberName2", "GP_MemberRelationship2", "GP_MemberAidPlan2", "GP_MemberName3", "GP_MemberRelationship3", "GP_MemberAidPlan3", "GP_MemberName4", "GP_MemberRelationship4", "GP_MemberAidPlan4", "GP_Provider", "GP_Motivation", "GP_TotalPremium", "GP_BrokerFee", "GP_Commission", "GP_CP_Rate", "GP_NP_Rate", "GP_CP_Overall", "GP_NP_Overall", "GP_CP_CoPayment_B", "GP_NP_CoPayment_B", "GP_CP_SubLimit_B", "GP_NP_SubLimit_B", "GP_CP_Cancer_B", "GP_NP_Cancer_B", "GP_CP_CancerD_B", "GP_NP_CancerD_B", "GP_CP_Other_B", "GP_NP_Other_B", "GP_CP_CasualB", "GP_NP_CasualB", "GP_CP_TraumaB", "GP_NP_TraumaB", "GP_CP_PreW_B", "GP_NP_PreW_B", "GP_CP_Med_SW_B", "GP_NP_Med_SW_B", "GP_CP_Accidental_DC_B", "GP_NP_Accidental_DC_B", "GP_Exclusions", "GP_Other_Exclusions", "GP_GeneralComments", "GP_FinanAdvisor_ProdRecomm", "GP_FinanAdvisor_Reasons", "GP_FinanAdvisor_Consequences", "GP_FinanAdvisor_FeeCommission", "GP_FinanAdvisor_OtherComments", "GP_FinanAdvisor_Date", status, created_at, updated_at, "GP_Option", "GP_CP_GenWait_P", "GP_CP_PreExist_P", "GP_CP_Specific_P", "GP_NP_GenWait_P", "GP_NP_PreExist_P", "GP_NP_Specific_P") FROM stdin;
1	5	1										1																																										1					1				1	2023-01-17 06:13:07.890019+00	2023-01-17 06:13:07.890036+00							
2	2	3										1																																										1					1				1	2023-01-25 05:55:04.566561+00	2023-01-25 05:55:04.56658+00							
\.


--
-- Data for Name: data_investmentplanning; Type: TABLE DATA; Schema: public; Owner: sfproa
--

COPY public.data_investmentplanning (id, "advisorId", "formId", "IP_SourceOfIncome", "IP_OtherSourceOfIncome", "IP_InvestmentTerm", "IP_InvestmentTermDetails", "IP_Liquidity", "IP_LiquidityDetails", "IP_Type", "IP_TypeDetails", "IP_PremiumType", "IP_PremiumTypeDetails", "IP_IncomeRequired", "IP_IncomeRequiredDetails", "IP_InvestmentStrategy", "IP_InvestmentStrategyDetails", "IP_ReturnRequired", "IP_ReturnRequiredDetails", "IP_RiskProfile", "IP_RiskProfileDetails", "IP_RecommendationSummary", "IP_AltS_1", "IP_AltS_2", "IP_AltS_3", "IP_ProductTaken", "IP_ProductProvider", "IP_PolicyNumber", "IP_ProductName", "IP_ProductPremium", "IP_ProductPremiumFrequency", "IP_ProductEscalation", "IP_ProductEAC", "IP_ProductContractingParty", "IP_ProductLivesAssured", "IP_ProductPremiumLayer", "IP_ProductBeneficiary", "IP_Product_IniC", "IP_Product_IniC_Percentage", "IP_Product_OnC", "IP_Product_OnC_Percentage", "IP_SFPSolutionFunds", "IP_SFPSolutionFundsDetails", "IP_ItP", "IP_ItP_Fund", "IP_ItP_FundPercentage", "IP_ItP_FundProvided", "IP_ItP_FundDiscussed", "IP_ItP_Fund1", "IP_ItP_FundPercentage1", "IP_ItP_FundProvided1", "IP_ItP_FundDiscussed1", "IP_ItP_Fund2", "IP_ItP_FundPercentage2", "IP_ItP_FundProvided2", "IP_ItP_FundDiscussed2", "IP_ItP_Fund3", "IP_ItP_FundPercentage3", "IP_ItP_FundProvided3", "IP_ItP_FundDiscussed3", "IP_ItP_Fund4", "IP_ItP_FundPercentage4", "IP_ItP_FundProvided4", "IP_ItP_FundDiscussed4", "IP_ItP_Fund5", "IP_ItP_FundPercentage5", "IP_ItP_FundProvided5", "IP_ItP_FundDiscussed5", "IP_ItP_Fund6", "IP_ItP_FundPercentage6", "IP_ItP_FundProvided6", "IP_ItP_FundDiscussed6", "IP_ItP_Fund7", "IP_ItP_FundPercentage7", "IP_ItP_FundProvided7", "IP_ItP_FundDiscussed7", "IP_ItP_FundsReasons", "IP_ItP_FundsMaterialAspects", status, created_at, updated_at) FROM stdin;
1	5	1	0				0		0		0		0		0		0		0						0					1											0					0	0			0	0			0	0			0	0			0	0			0	0			0	0			0	0			1	2023-01-17 06:13:07.499657+00	2023-01-17 06:13:07.499672+00
2	2	3	0				0		0		0		0		0		0		0						0					1											0					0	0			0	0			0	0			0	0			0	0			0	0			0	0			0	0			1	2023-01-25 05:55:04.3374+00	2023-01-25 05:55:04.337417+00
\.


--
-- Data for Name: data_riskplanning; Type: TABLE DATA; Schema: public; Owner: sfproa
--

COPY public.data_riskplanning (id, "advisorId", "formId", "RP_DC_LumpSumTotalNeed", "RP_DC_LumpSumExistingProvisions", "RP_DC_LumpSumExistingShortfallSurplus", "RP_DC_LumpSumInvestments", "RP_DC_IncomeTotalNeed", "RP_DC_IncomeExistingProvisions", "RP_DC_IncomeExistingShortfallSurplus", "RP_DC_IncomeInvestments", "RP_DC_FB_TotalNeed", "RP_DC_FB_ExistingProvisions", "RP_DC_FB_ExistingShortfallSurplus", "RP_DC_FB_Investments", "RP_DC_OtherTotalNeed", "RP_DC_OtherExistingProvisions", "RP_DC_OtherExistingShortfallSurplus", "RP_DC_OtherInvestments", "RP_DC_Comments", "RP_DiC_LumpSumTotalNeed", "RP_DiC_LumpSumExistingProvisions", "RP_DiC_LumpSumExistingShortfallSurplus", "RP_DiC_LumpSumInvestments", "RP_DiC_PI_TotalNeed", "RP_DiC_PI_ExistingProvisions", "RP_DiC_PI_ExistingShortfallSurplus", "RP_DiC_PI_Investments", "RP_DiC_TI_TotalNeed", "RP_DiC_TI_ExistingProvisions", "RP_DiC_TI_ExistingShortfallSurplus", "RP_DiC_TI_Investments", "RP_DiC_SiB_TotalNeed", "RP_DiC_SiB_ExistingProvisions", "RP_DiC_SiB_ExistingShortfallSurplus", "RP_DiC_SiB_Investments", "RP_DiC_OtherTotalNeed1", "RP_DiC_OtherExistingProvisions1", "RP_DiC_OtherExistingShortfallSurplus1", "RP_DiC_OtherInvestments1", "RP_DiC_OtherTotalNeed2", "RP_DiC_OtherExistingProvisions2", "RP_DiC_OtherExistingShortfallSurplus2", "RP_DiC_OtherInvestments2", "RP_DiC_Comments", "RP_DrC_LumpSumTotalNeed", "RP_DrC_LumpSumExistingProvisions", "RP_DrC_LumpSumExistingShortfallSurplus", "RP_DrC_LumpSumInvestments", "RP_DrC_IncomeTotalNeed", "RP_DrC_IncomeExistingProvisions", "RP_DrC_IncomeExistingShortfallSurplus", "RP_DrC_IncomeInvestments", "RP_DrC_OtherTotalNeed1", "RP_DrC_OtherExistingProvisions1", "RP_DrC_OtherExistingShortfallSurplus1", "RP_DrC_OtherInvestments1", "RP_DrC_OtherTotalNeed2", "RP_DrC_OtherExistingProvisions2", "RP_DrC_OtherExistingShortfallSurplus2", "RP_DrC_OtherInvestments2", "RP_DrC_Comments", "RP_LC_FinancialSolutions", "RP_DiC_FinancialSolutions", "RP_DrC_FinancialSolutions", "RP_AltS_1", "RP_AltS_2", "RP_AltS_3", "RP_Product_Taken", "RP_Product_Provider", "RP_Policy_Number", "RP_Product_Name", "RP_Product_Premium", "RP_Product_PremiumFrequency", "RP_Product_Pattern", "RP_Product_Escalation", "RP_Product_ContractingParty", "RP_Product_LivesAssured", "RP_Product_Beneficiary", "RP_Product_PremiumPayer", "RP_Product_1stYearCommission", "RP_Product_2ndYearCommission", "RP_Product_OngoingFees", "RP_Product_OngoingFeesFrequency", "RP_TotalFees_n_Commissions", "RP_BenDesc_1", "RP_BenDesc_CoverAmount1", "RP_BenDesc_2", "RP_BenDesc_CoverAmount2", "RP_BenDesc_3", "RP_BenDesc_CoverAmount3", "RP_BenDesc_4", "RP_BenDesc_CoverAmount4", "RP_BenDesc_5", "RP_BenDesc_CoverAmount5", "RP_BenDesc_6", "RP_BenDesc_CoverAmount6", "RP_BenDesc_7", "RP_BenDesc_CoverAmount7", "RP_ProductReasons", "RP_ProductMaterialAspects", "RP_ProductDetails", "RP_ExecutorFee", "RP_NominationOfBeneficiaries", "RP_InformationExplained", status, created_at, updated_at, "RP_Product_OngoingFeesFrequency1", "RP_DC_Other", "RP_DiC_Other1", "RP_DiC_Other2", "RP_DrC_Other1", "RP_DrC_Other2") FROM stdin;
1	5	1																																																																							0																																1	2023-01-17 06:13:07.784788+00	2023-01-17 06:13:07.784805+00	0					
2	2	3																																																																							0																																1	2023-01-25 05:55:04.433288+00	2023-01-25 05:55:04.433309+00	0					
\.


--
-- Data for Name: data_shortterminsurancecommerical; Type: TABLE DATA; Schema: public; Owner: sfproa
--

COPY public.data_shortterminsurancecommerical (id, "advisorId", "formId", "STIC_Quotation_Number", "STIC_Underwritten_By", "STIC_Branch_Name", "STIC_Branch_Number", "STIC_Inception_Date", "STIC_Renewal_Date", "STIC_Payment_Method_Annual", "STIC_Payment_Method_Monthly", "STIC_Sasria_Annual", "STIC_Sasria_Monthly", "STIC_Business_Owner", "STIC_Client_Id_Number", "STIC_Company_Reg_Number", "STIC_Company_VAT_Number", "STIC_Postal_Address", "STIC_Risk_Address", "STIC_Contact_Person", "STIC_TelePhone_Number", "STIC_Fax_Number", "STIC_CellPhone_Number", "STIC_Email", "STIC_Business_Description", "STIC_Lower_Premium", "STIC_Higher_Premium", "STIC_Applicable_Option", "STIC_General_Cancelled", "STIC_General_Cancelled_Detail", "STIC_General_History", "STIC_Replacement_Advise", "STIC_Replacement_Reason", "STIC_Replacement_Suppliers", "STIC_Fin_FnC_Existing", "STIC_Fin_FnC_Replacement", "STIC_Fin_STnC_Existing", "STIC_Fin_STnC_Replacement", "STIC_Fin_ImpOnPre_Existing", "STIC_Fin_ImpOnPre_Replacement", "STIC_Fin_Excesses_Existing", "STIC_Fin_Excesses_Replacement", "STIC_Fin_VABen_Existing", "STIC_Fin_VABen_Replacement", "STIC_Fin_AdvisorComm_Existing", "STIC_Fin_AdvisorComm_Replacement", "STIC_Buildings_Insured", "STIC_Rental_Insured", "STIC_Others_Insured", "STIC_Stocks_Insured", "STIC_Miscellaneous1_Insured", "STIC_Miscellaneous2_Insured", "STIC_Earthquake_Insured", "STIC_Malicious_Damage_Insured", "STIC_Special_Insured", "STIC_LeakFull_Insured", "STIC_LeakFirst_Insured", "STIC_SnLLimited_Insured", "STIC_SnLComprehensive_Insured", "STIC_RnS_Insured", "STIC_SDC_Insured", "STIC_BuildCombined_ColumnRef", "STIC_BuildCombined_Sum", "STIC_BuildCombined_Construct", "STIC_BuildCombined_Desc", "STIC_Extensions_RnS", "STIC_Extensions_Geysers", "STIC_Extensions_SnL", "STIC_Extensions_PoA", "STIC_Extensions_IorE", "STIC_OC_PremisesNum", "STIC_OC_Sum", "STIC_OC_Construct", "STIC_OC_Desc", "STIC_OC_Doc_Sum", "STIC_OC_Doc_Premium", "STIC_OC_LLDoc_Sum", "STIC_OC_LLDoc_Premium", "STIC_OC_RnS_Sum", "STIC_OC_RnS_Premium", "STIC_OC_TheftF_Sum", "STIC_OC_TheftF_Premium", "STIC_OC_Theft_Sum", "STIC_OC_Theft_Premium", "STIC_OC_Total_Premium", "STIC_BusInt_Basis", "STIC_BusInt_Indemnity", "STIC_BusInt_Suppliers", status, created_at, updated_at, "STIC_BuildCombined_ItemNumber", "STIC_BuildCombined_Limit", "STIC_BuildCombined_PremNumber", "STIC_BuildCombined_Premium", "STIC_BusInt2_Comments", "STIC_BusInt2_TotalPremium", "STIC_BusInt_Comments", "STIC_BusInt_IndemPer", "STIC_BusInt_ItemNumber", "STIC_BusInt_Limit", "STIC_BusInt_PremNumber", "STIC_BusInt_PremisesNumber", "STIC_BusInt_Premium", "STIC_BusInt_TotalPremium", "STIC_BusInt_Type1", "STIC_BusInt_Type10", "STIC_BusInt_Type11", "STIC_BusInt_Type11_1", "STIC_BusInt_Type13", "STIC_BusInt_Type14", "STIC_BusInt_Type14_1", "STIC_BusInt_Type15", "STIC_BusInt_Type15_1", "STIC_BusInt_Type16", "STIC_BusInt_Type16_1", "STIC_BusInt_Type17", "STIC_BusInt_Type18", "STIC_BusInt_Type19", "STIC_BusInt_Type19_1", "STIC_BusInt_Type2", "STIC_BusInt_Type20", "STIC_BusInt_Type20_1", "STIC_BusInt_Type21", "STIC_BusInt_Type21_1", "STIC_BusInt_Type2_1", "STIC_BusInt_Type2_10", "STIC_BusInt_Type2_11", "STIC_BusInt_Type2_11_1", "STIC_BusInt_Type2_13", "STIC_BusInt_Type2_14", "STIC_BusInt_Type2_14_1", "STIC_BusInt_Type2_15", "STIC_BusInt_Type2_15_1", "STIC_BusInt_Type2_16", "STIC_BusInt_Type2_16_1", "STIC_BusInt_Type2_17", "STIC_BusInt_Type2_18", "STIC_BusInt_Type2_19", "STIC_BusInt_Type2_19_1", "STIC_BusInt_Type2_2", "STIC_BusInt_Type2_20", "STIC_BusInt_Type2_20_1", "STIC_BusInt_Type2_21", "STIC_BusInt_Type2_21_1", "STIC_BusInt_Type2_3", "STIC_BusInt_Type2_4", "STIC_BusInt_Type2_5", "STIC_BusInt_Type2_6", "STIC_BusInt_Type2_7", "STIC_BusInt_Type2_8", "STIC_BusInt_Type2_9", "STIC_BusInt_Type2_9_1", "STIC_BusInt_Type3", "STIC_BusInt_Type4", "STIC_BusInt_Type5", "STIC_BusInt_Type6", "STIC_BusInt_Type7", "STIC_BusInt_Type8", "STIC_BusInt_Type9", "STIC_BusInt_Type9_1", "STIC_Fire_ItemNumber", "STIC_Fire_Limit", "STIC_Fire_PremNumber", "STIC_Fire_Premium", "STIC_General_Amount", "STIC_General_Insurer", "STIC_General_LossType", "STIC_General_Year", "STIC_OC_ItemNumber", "STIC_OC_Limit", "STIC_OC_PremNumber", "STIC_OC_Premium", "STIC_ProdComp_Accepted1", "STIC_ProdComp_Accepted10", "STIC_ProdComp_Accepted11", "STIC_ProdComp_Accepted12", "STIC_ProdComp_Accepted13", "STIC_ProdComp_Accepted14", "STIC_ProdComp_Accepted15", "STIC_ProdComp_Accepted16", "STIC_ProdComp_Accepted17", "STIC_ProdComp_Accepted18", "STIC_ProdComp_Accepted19", "STIC_ProdComp_Accepted2", "STIC_ProdComp_Accepted20", "STIC_ProdComp_Accepted21", "STIC_ProdComp_Accepted22", "STIC_ProdComp_Accepted23", "STIC_ProdComp_Accepted24", "STIC_ProdComp_Accepted25", "STIC_ProdComp_Accepted26", "STIC_ProdComp_Accepted27", "STIC_ProdComp_Accepted28", "STIC_ProdComp_Accepted29", "STIC_ProdComp_Accepted3", "STIC_ProdComp_Accepted30", "STIC_ProdComp_Accepted31", "STIC_ProdComp_Accepted32", "STIC_ProdComp_Accepted33", "STIC_ProdComp_Accepted34", "STIC_ProdComp_Accepted35", "STIC_ProdComp_Accepted4", "STIC_ProdComp_Accepted5", "STIC_ProdComp_Accepted6", "STIC_ProdComp_Accepted7", "STIC_ProdComp_Accepted8", "STIC_ProdComp_Accepted9", "STIC_ProdComp_Commission", "STIC_ProdComp_CoverAmount1", "STIC_ProdComp_CoverAmount10", "STIC_ProdComp_CoverAmount11", "STIC_ProdComp_CoverAmount12", "STIC_ProdComp_CoverAmount13", "STIC_ProdComp_CoverAmount14", "STIC_ProdComp_CoverAmount15", "STIC_ProdComp_CoverAmount16", "STIC_ProdComp_CoverAmount17", "STIC_ProdComp_CoverAmount18", "STIC_ProdComp_CoverAmount19", "STIC_ProdComp_CoverAmount2", "STIC_ProdComp_CoverAmount20", "STIC_ProdComp_CoverAmount21", "STIC_ProdComp_CoverAmount22", "STIC_ProdComp_CoverAmount23", "STIC_ProdComp_CoverAmount24", "STIC_ProdComp_CoverAmount25", "STIC_ProdComp_CoverAmount26", "STIC_ProdComp_CoverAmount27", "STIC_ProdComp_CoverAmount28", "STIC_ProdComp_CoverAmount29", "STIC_ProdComp_CoverAmount3", "STIC_ProdComp_CoverAmount30", "STIC_ProdComp_CoverAmount31", "STIC_ProdComp_CoverAmount32", "STIC_ProdComp_CoverAmount33", "STIC_ProdComp_CoverAmount34", "STIC_ProdComp_CoverAmount35", "STIC_ProdComp_CoverAmount4", "STIC_ProdComp_CoverAmount5", "STIC_ProdComp_CoverAmount6", "STIC_ProdComp_CoverAmount7", "STIC_ProdComp_CoverAmount8", "STIC_ProdComp_CoverAmount9", "STIC_ProdComp_ExistP_Excess1", "STIC_ProdComp_ExistP_Excess10", "STIC_ProdComp_ExistP_Excess11", "STIC_ProdComp_ExistP_Excess12", "STIC_ProdComp_ExistP_Excess13", "STIC_ProdComp_ExistP_Excess14", "STIC_ProdComp_ExistP_Excess15", "STIC_ProdComp_ExistP_Excess16", "STIC_ProdComp_ExistP_Excess17", "STIC_ProdComp_ExistP_Excess18", "STIC_ProdComp_ExistP_Excess19", "STIC_ProdComp_ExistP_Excess2", "STIC_ProdComp_ExistP_Excess20", "STIC_ProdComp_ExistP_Excess21", "STIC_ProdComp_ExistP_Excess22", "STIC_ProdComp_ExistP_Excess23", "STIC_ProdComp_ExistP_Excess24", "STIC_ProdComp_ExistP_Excess25", "STIC_ProdComp_ExistP_Excess26", "STIC_ProdComp_ExistP_Excess27", "STIC_ProdComp_ExistP_Excess28", "STIC_ProdComp_ExistP_Excess29", "STIC_ProdComp_ExistP_Excess3", "STIC_ProdComp_ExistP_Excess30", "STIC_ProdComp_ExistP_Excess31", "STIC_ProdComp_ExistP_Excess32", "STIC_ProdComp_ExistP_Excess33", "STIC_ProdComp_ExistP_Excess34", "STIC_ProdComp_ExistP_Excess35", "STIC_ProdComp_ExistP_Excess4", "STIC_ProdComp_ExistP_Excess5", "STIC_ProdComp_ExistP_Excess6", "STIC_ProdComp_ExistP_Excess7", "STIC_ProdComp_ExistP_Excess8", "STIC_ProdComp_ExistP_Excess9", "STIC_ProdComp_ExistP_Premium1", "STIC_ProdComp_ExistP_Premium10", "STIC_ProdComp_ExistP_Premium11", "STIC_ProdComp_ExistP_Premium12", "STIC_ProdComp_ExistP_Premium13", "STIC_ProdComp_ExistP_Premium14", "STIC_ProdComp_ExistP_Premium15", "STIC_ProdComp_ExistP_Premium16", "STIC_ProdComp_ExistP_Premium17", "STIC_ProdComp_ExistP_Premium18", "STIC_ProdComp_ExistP_Premium19", "STIC_ProdComp_ExistP_Premium2", "STIC_ProdComp_ExistP_Premium20", "STIC_ProdComp_ExistP_Premium21", "STIC_ProdComp_ExistP_Premium22", "STIC_ProdComp_ExistP_Premium23", "STIC_ProdComp_ExistP_Premium24", "STIC_ProdComp_ExistP_Premium25", "STIC_ProdComp_ExistP_Premium26", "STIC_ProdComp_ExistP_Premium27", "STIC_ProdComp_ExistP_Premium28", "STIC_ProdComp_ExistP_Premium29", "STIC_ProdComp_ExistP_Premium3", "STIC_ProdComp_ExistP_Premium30", "STIC_ProdComp_ExistP_Premium31", "STIC_ProdComp_ExistP_Premium32", "STIC_ProdComp_ExistP_Premium33", "STIC_ProdComp_ExistP_Premium34", "STIC_ProdComp_ExistP_Premium35", "STIC_ProdComp_ExistP_Premium4", "STIC_ProdComp_ExistP_Premium5", "STIC_ProdComp_ExistP_Premium6", "STIC_ProdComp_ExistP_Premium7", "STIC_ProdComp_ExistP_Premium8", "STIC_ProdComp_ExistP_Premium9", "STIC_ProdComp_Existing_Company", "STIC_ProdComp_Existing_Product", "STIC_ProdComp_Existing_Provider", "STIC_ProdComp_FeeNCharges", "STIC_ProdComp_RecommP_Excess1", "STIC_ProdComp_RecommP_Excess10", "STIC_ProdComp_RecommP_Excess11", "STIC_ProdComp_RecommP_Excess12", "STIC_ProdComp_RecommP_Excess13", "STIC_ProdComp_RecommP_Excess14", "STIC_ProdComp_RecommP_Excess15", "STIC_ProdComp_RecommP_Excess16", "STIC_ProdComp_RecommP_Excess17", "STIC_ProdComp_RecommP_Excess18", "STIC_ProdComp_RecommP_Excess19", "STIC_ProdComp_RecommP_Excess2", "STIC_ProdComp_RecommP_Excess20", "STIC_ProdComp_RecommP_Excess21", "STIC_ProdComp_RecommP_Excess22", "STIC_ProdComp_RecommP_Excess23", "STIC_ProdComp_RecommP_Excess24", "STIC_ProdComp_RecommP_Excess25", "STIC_ProdComp_RecommP_Excess26", "STIC_ProdComp_RecommP_Excess27", "STIC_ProdComp_RecommP_Excess28", "STIC_ProdComp_RecommP_Excess29", "STIC_ProdComp_RecommP_Excess3", "STIC_ProdComp_RecommP_Excess30", "STIC_ProdComp_RecommP_Excess31", "STIC_ProdComp_RecommP_Excess32", "STIC_ProdComp_RecommP_Excess33", "STIC_ProdComp_RecommP_Excess34", "STIC_ProdComp_RecommP_Excess35", "STIC_ProdComp_RecommP_Excess4", "STIC_ProdComp_RecommP_Excess5", "STIC_ProdComp_RecommP_Excess6", "STIC_ProdComp_RecommP_Excess7", "STIC_ProdComp_RecommP_Excess8", "STIC_ProdComp_RecommP_Excess9", "STIC_ProdComp_RecommP_Premium1", "STIC_ProdComp_RecommP_Premium10", "STIC_ProdComp_RecommP_Premium11", "STIC_ProdComp_RecommP_Premium12", "STIC_ProdComp_RecommP_Premium13", "STIC_ProdComp_RecommP_Premium14", "STIC_ProdComp_RecommP_Premium15", "STIC_ProdComp_RecommP_Premium16", "STIC_ProdComp_RecommP_Premium17", "STIC_ProdComp_RecommP_Premium18", "STIC_ProdComp_RecommP_Premium19", "STIC_ProdComp_RecommP_Premium2", "STIC_ProdComp_RecommP_Premium20", "STIC_ProdComp_RecommP_Premium21", "STIC_ProdComp_RecommP_Premium22", "STIC_ProdComp_RecommP_Premium23", "STIC_ProdComp_RecommP_Premium24", "STIC_ProdComp_RecommP_Premium25", "STIC_ProdComp_RecommP_Premium26", "STIC_ProdComp_RecommP_Premium27", "STIC_ProdComp_RecommP_Premium28", "STIC_ProdComp_RecommP_Premium29", "STIC_ProdComp_RecommP_Premium3", "STIC_ProdComp_RecommP_Premium30", "STIC_ProdComp_RecommP_Premium31", "STIC_ProdComp_RecommP_Premium32", "STIC_ProdComp_RecommP_Premium33", "STIC_ProdComp_RecommP_Premium34", "STIC_ProdComp_RecommP_Premium35", "STIC_ProdComp_RecommP_Premium4", "STIC_ProdComp_RecommP_Premium5", "STIC_ProdComp_RecommP_Premium6", "STIC_ProdComp_RecommP_Premium7", "STIC_ProdComp_RecommP_Premium8", "STIC_ProdComp_RecommP_Premium9", "STIC_ProdComp_Recommended1", "STIC_ProdComp_Recommended10", "STIC_ProdComp_Recommended11", "STIC_ProdComp_Recommended12", "STIC_ProdComp_Recommended13", "STIC_ProdComp_Recommended14", "STIC_ProdComp_Recommended15", "STIC_ProdComp_Recommended16", "STIC_ProdComp_Recommended17", "STIC_ProdComp_Recommended18", "STIC_ProdComp_Recommended19", "STIC_ProdComp_Recommended2", "STIC_ProdComp_Recommended20", "STIC_ProdComp_Recommended21", "STIC_ProdComp_Recommended22", "STIC_ProdComp_Recommended23", "STIC_ProdComp_Recommended24", "STIC_ProdComp_Recommended25", "STIC_ProdComp_Recommended26", "STIC_ProdComp_Recommended27", "STIC_ProdComp_Recommended28", "STIC_ProdComp_Recommended29", "STIC_ProdComp_Recommended3", "STIC_ProdComp_Recommended30", "STIC_ProdComp_Recommended31", "STIC_ProdComp_Recommended32", "STIC_ProdComp_Recommended33", "STIC_ProdComp_Recommended34", "STIC_ProdComp_Recommended35", "STIC_ProdComp_Recommended4", "STIC_ProdComp_Recommended5", "STIC_ProdComp_Recommended6", "STIC_ProdComp_Recommended7", "STIC_ProdComp_Recommended8", "STIC_ProdComp_Recommended9", "STIC_ProdComp_Replacement_Company", "STIC_ProdComp_Replacement_Product", "STIC_ProdComp_Replacement_Provider", "STIC_ProdComp_TotalPremium", "STIC_Replacement_Purpose", "STIC_Sec10_1", "STIC_Sec10_2", "STIC_Sec10_3", "STIC_Sec10_4", "STIC_Sec10_5", "STIC_Sec10_6", "STIC_Sec10_7", "STIC_Sec10_AnnualPremium", "STIC_Sec10_Comments", "STIC_Sec10_Extension_Included1", "STIC_Sec10_Extension_Included2", "STIC_Sec10_Extension_Included3", "STIC_Sec10_Extension_Included4", "STIC_Sec10_Extension_Limit1", "STIC_Sec10_Extension_Limit2", "STIC_Sec10_Extension_Limit3", "STIC_Sec10_Extension_Limit4", "STIC_Sec10_Extension_Premium1", "STIC_Sec10_Extension_Premium2", "STIC_Sec10_Extension_Premium3", "STIC_Sec10_Extension_Premium4", "STIC_Sec10_ItemNumber", "STIC_Sec10_Limit", "STIC_Sec10_PremNumber", "STIC_Sec10_Premium", "STIC_Sec11_1", "STIC_Sec11_10", "STIC_Sec11_2", "STIC_Sec11_3", "STIC_Sec11_4", "STIC_Sec11_5", "STIC_Sec11_6", "STIC_Sec11_7", "STIC_Sec11_8", "STIC_Sec11_9", "STIC_Sec11_AnnualPremium", "STIC_Sec11_Comments", "STIC_Sec11_ItemNumber", "STIC_Sec11_Limit", "STIC_Sec11_PremNumber", "STIC_Sec11_Premium", "STIC_Sec12_1", "STIC_Sec12_2", "STIC_Sec12_3", "STIC_Sec12_4", "STIC_Sec12_5", "STIC_Sec12_6", "STIC_Sec12_AnnualPremium", "STIC_Sec12_Comments", "STIC_Sec12_Extension_Included1", "STIC_Sec12_Extension_Included2", "STIC_Sec12_Extension_Included3", "STIC_Sec12_Extension_Included4", "STIC_Sec12_Extension_Included5", "STIC_Sec12_ItemNumber", "STIC_Sec12_Limit", "STIC_Sec12_PremNumber", "STIC_Sec12_Premium", "STIC_Sec13_1", "STIC_Sec13_10", "STIC_Sec13_11", "STIC_Sec13_12", "STIC_Sec13_13", "STIC_Sec13_14", "STIC_Sec13_15", "STIC_Sec13_16", "STIC_Sec13_17", "STIC_Sec13_18", "STIC_Sec13_19", "STIC_Sec13_2", "STIC_Sec13_20", "STIC_Sec13_21", "STIC_Sec13_22", "STIC_Sec13_23", "STIC_Sec13_24", "STIC_Sec13_25", "STIC_Sec13_26", "STIC_Sec13_27", "STIC_Sec13_28", "STIC_Sec13_29", "STIC_Sec13_3", "STIC_Sec13_30", "STIC_Sec13_31", "STIC_Sec13_32", "STIC_Sec13_4", "STIC_Sec13_5", "STIC_Sec13_6", "STIC_Sec13_7", "STIC_Sec13_8", "STIC_Sec13_9", "STIC_Sec13_AnnualPremium", "STIC_Sec13_Comments", "STIC_Sec13_ItemNumber", "STIC_Sec13_Limit", "STIC_Sec13_PremNumber", "STIC_Sec13_Premium", "STIC_Sec14_1", "STIC_Sec14_2", "STIC_Sec14_3", "STIC_Sec14_4", "STIC_Sec14_5", "STIC_Sec14_6", "STIC_Sec14_Accepted1", "STIC_Sec14_Accepted10", "STIC_Sec14_Accepted11", "STIC_Sec14_Accepted12", "STIC_Sec14_Accepted2", "STIC_Sec14_Accepted3", "STIC_Sec14_Accepted4", "STIC_Sec14_Accepted5", "STIC_Sec14_Accepted6", "STIC_Sec14_Accepted7", "STIC_Sec14_Accepted8", "STIC_Sec14_Accepted9", "STIC_Sec14_CoverAmount1", "STIC_Sec14_CoverAmount10", "STIC_Sec14_CoverAmount11", "STIC_Sec14_CoverAmount12", "STIC_Sec14_CoverAmount2", "STIC_Sec14_CoverAmount3", "STIC_Sec14_CoverAmount4", "STIC_Sec14_CoverAmount5", "STIC_Sec14_CoverAmount6", "STIC_Sec14_CoverAmount7", "STIC_Sec14_CoverAmount8", "STIC_Sec14_CoverAmount9", "STIC_Sec14_ItemNumber", "STIC_Sec14_Limit", "STIC_Sec14_PremNumber", "STIC_Sec14_Premium", "STIC_Sec14_Recommended1", "STIC_Sec14_Recommended10", "STIC_Sec14_Recommended11", "STIC_Sec14_Recommended12", "STIC_Sec14_Recommended3", "STIC_Sec14_Recommended4", "STIC_Sec14_Recommended5", "STIC_Sec14_Recommended6", "STIC_Sec14_Recommended7", "STIC_Sec14_Recommended8", "STIC_Sec14_Recommended9", "STIC_Sec15_1", "STIC_Sec15_1_1", "STIC_Sec15_2", "STIC_Sec15_2_1", "STIC_Sec15_3", "STIC_Sec15_3_1", "STIC_Sec15_AnnualPremium", "STIC_Sec15_Comments", "STIC_Sec15_ItemNumber", "STIC_Sec15_Limit", "STIC_Sec15_PremNumber", "STIC_Sec15_Premium", "STIC_Sec16_1", "STIC_Sec16_10", "STIC_Sec16_2", "STIC_Sec16_3", "STIC_Sec16_4", "STIC_Sec16_5", "STIC_Sec16_6", "STIC_Sec16_7", "STIC_Sec16_8", "STIC_Sec16_9", "STIC_Sec16_AnnualPremium", "STIC_Sec16_Comments", "STIC_Sec16_Extension1", "STIC_Sec16_Extension2", "STIC_Sec16_Extension3", "STIC_Sec16_Extension4", "STIC_Sec16_Extension5", "STIC_Sec16_Extension6", "STIC_Sec16_Extension7", "STIC_Sec16_Extension8", "STIC_Sec16_Extension9", "STIC_Sec16_ItemNumber", "STIC_Sec16_Limit", "STIC_Sec16_PremNumber", "STIC_Sec16_Premium", "STIC_Sec17_1", "STIC_Sec17_10", "STIC_Sec17_2", "STIC_Sec17_3", "STIC_Sec17_4", "STIC_Sec17_5", "STIC_Sec17_6", "STIC_Sec17_7", "STIC_Sec17_8", "STIC_Sec17_9", "STIC_Sec17_AnnualPremium", "STIC_Sec17_Comments", "STIC_Sec17_Extension1", "STIC_Sec17_Extension2", "STIC_Sec17_Extension3", "STIC_Sec17_Extension4", "STIC_Sec17_Extension5", "STIC_Sec17_Extension6", "STIC_Sec17_Extension7", "STIC_Sec17_Extension8", "STIC_Sec17_Extension9", "STIC_Sec17_ExtensionLimit1", "STIC_Sec17_ExtensionLimit2", "STIC_Sec17_ExtensionLimit3", "STIC_Sec17_ExtensionLimit4", "STIC_Sec17_ExtensionLimit5", "STIC_Sec17_ExtensionLimit6", "STIC_Sec17_ExtensionLimit7", "STIC_Sec17_ExtensionLimit8", "STIC_Sec17_ExtensionLimit9", "STIC_Sec17_ExtensionPremium1", "STIC_Sec17_ExtensionPremium2", "STIC_Sec17_ExtensionPremium3", "STIC_Sec17_ExtensionPremium4", "STIC_Sec17_ExtensionPremium5", "STIC_Sec17_ExtensionPremium6", "STIC_Sec17_ExtensionPremium7", "STIC_Sec17_ExtensionPremium8", "STIC_Sec17_ExtensionPremium9", "STIC_Sec17_ItemNumber", "STIC_Sec17_Limit", "STIC_Sec17_PremNumber", "STIC_Sec17_Premium", "STIC_Sec18_1", "STIC_Sec18_10", "STIC_Sec18_11", "STIC_Sec18_12", "STIC_Sec18_13", "STIC_Sec18_14", "STIC_Sec18_15", "STIC_Sec18_16", "STIC_Sec18_17", "STIC_Sec18_18", "STIC_Sec18_19", "STIC_Sec18_2", "STIC_Sec18_20", "STIC_Sec18_21", "STIC_Sec18_22", "STIC_Sec18_23", "STIC_Sec18_24", "STIC_Sec18_25", "STIC_Sec18_26", "STIC_Sec18_27", "STIC_Sec18_3", "STIC_Sec18_4", "STIC_Sec18_5", "STIC_Sec18_6", "STIC_Sec18_7", "STIC_Sec18_8", "STIC_Sec18_9", "STIC_Sec18_Comments", "STIC_Sec18_Extension1", "STIC_Sec18_Extension1_1", "STIC_Sec18_Extension1_2", "STIC_Sec18_Extension2", "STIC_Sec18_Extension2_1", "STIC_Sec18_Extension3", "STIC_Sec18_Extension3_1", "STIC_Sec18_Extension4", "STIC_Sec18_Extension4_1", "STIC_Sec18_Extension5", "STIC_Sec18_Extension5_1", "STIC_Sec18_Extension6", "STIC_Sec18_Extension6_1", "STIC_Sec18_FaP1", "STIC_Sec18_FaP1_1", "STIC_Sec18_FaP1_2", "STIC_Sec18_FaP2", "STIC_Sec18_FaP2_1", "STIC_Sec18_FaP2_2", "STIC_Sec18_FaP3", "STIC_Sec18_FaP3_1", "STIC_Sec18_FaP3_2", "STIC_Sec18_FaP4", "STIC_Sec18_FaP4_1", "STIC_Sec18_FaP4_2", "STIC_Sec18_FaP5", "STIC_Sec18_FaP5_1", "STIC_Sec18_FaP5_2", "STIC_Sec18_FaP6", "STIC_Sec18_FaP6_1", "STIC_Sec18_FaP6_2", "STIC_Sec18_ItemNumber", "STIC_Sec18_Limit", "STIC_Sec18_PremNumber", "STIC_Sec18_Premium", "STIC_Sec19_AnnualPremium", "STIC_Sec19_Comments", "STIC_Sec19_Extension1", "STIC_Sec19_Extension2", "STIC_Sec19_Extension_Premium1", "STIC_Sec19_Extension_Premium2", "STIC_Sec19_ItemNumber", "STIC_Sec19_Limit", "STIC_Sec19_Part1_1", "STIC_Sec19_Part1_2", "STIC_Sec19_Part1_3", "STIC_Sec19_Part1_4", "STIC_Sec19_Part1_5", "STIC_Sec19_Part1_6", "STIC_Sec19_Part1_7", "STIC_Sec19_Part1_8", "STIC_Sec19_Part1_9", "STIC_Sec19_Part2_1", "STIC_Sec19_Part2_2", "STIC_Sec19_Part2_3", "STIC_Sec19_Part2_4", "STIC_Sec19_Part2_5", "STIC_Sec19_PremNumber", "STIC_Sec19_Premium", "STIC_Sec19_RoD_1", "STIC_Sec19_RoD_2", "STIC_Sec19_RoD_3", "STIC_Sec19_RoD_4", "STIC_Sec19_RoD_5", "STIC_Sec20_1", "STIC_Sec20_2", "STIC_Sec20_3", "STIC_Sec20_4", "STIC_Sec20_5", "STIC_Sec20_6", "STIC_Sec20_AnnualPremium", "STIC_Sec20_Comments", "STIC_Sec20_Extension1", "STIC_Sec20_Extension2", "STIC_Sec20_Extension_Premium1", "STIC_Sec20_Extension_Premium2", "STIC_Sec20_ItemNumber", "STIC_Sec20_Limit", "STIC_Sec20_PremNumber", "STIC_Sec20_Premium", "STIC_Sec21_1", "STIC_Sec21_2", "STIC_Sec21_3", "STIC_Sec21_4", "STIC_Sec21_5", "STIC_Sec21_6", "STIC_Sec21_AnnualPremium", "STIC_Sec21_Comments", "STIC_Sec21_Extension1", "STIC_Sec21_Extension2", "STIC_Sec21_Extension_Premium1", "STIC_Sec21_Extension_Premium2", "STIC_Sec21_ItemNumber", "STIC_Sec21_Limit", "STIC_Sec21_PremNumber", "STIC_Sec21_Premium", "STIC_Sec5_1", "STIC_Sec5_2", "STIC_Sec5_AnnualPremium", "STIC_Sec5_Comments", "STIC_Sec5_Extension_1", "STIC_Sec5_Extension_2", "STIC_Sec5_Extension_3", "STIC_Sec5_Extension_4", "STIC_Sec5_Extension_5", "STIC_Sec5_ItemNumber", "STIC_Sec5_Limit", "STIC_Sec5_PremNumber", "STIC_Sec5_Premium", "STIC_Sec6_1", "STIC_Sec6_2", "STIC_Sec6_3", "STIC_Sec6_4", "STIC_Sec6_5", "STIC_Sec6_6", "STIC_Sec6_Comments", "STIC_Sec6_ItemNumber", "STIC_Sec6_Limit", "STIC_Sec6_PremNumber", "STIC_Sec6_Premium", "STIC_Sec7_1", "STIC_Sec7_2", "STIC_Sec7_3", "STIC_Sec7_4", "STIC_Sec7_5", "STIC_Sec7_6", "STIC_Sec7_7", "STIC_Sec7_8", "STIC_Sec7_9", "STIC_Sec7_AnnualPremium", "STIC_Sec7_Comments", "STIC_Sec7_Extension_Included1", "STIC_Sec7_Extension_Included2", "STIC_Sec7_Extension_Included3", "STIC_Sec7_Extension_Limit1", "STIC_Sec7_Extension_Limit2", "STIC_Sec7_Extension_Limit3", "STIC_Sec7_Extension_Premium1", "STIC_Sec7_Extension_Premium2", "STIC_Sec7_Extension_Premium3", "STIC_Sec7_ItemNumber", "STIC_Sec7_Limit", "STIC_Sec7_PremNumber", "STIC_Sec7_Premium", "STIC_Sec8_1", "STIC_Sec8_2", "STIC_Sec8_AnnualPremium", "STIC_Sec8_Comments", "STIC_Sec8_Extension_Included1", "STIC_Sec8_Extension_Included2", "STIC_Sec8_ItemNumber", "STIC_Sec8_Limit", "STIC_Sec8_PremNumber", "STIC_Sec8_Premium", "STIC_Sec9_1", "STIC_Sec9_2", "STIC_Sec9_3", "STIC_Sec9_4", "STIC_Sec9_5", "STIC_Sec9_6", "STIC_Sec9_AnnualPremium", "STIC_Sec9_Comments", "STIC_Sec9_Extension_Included1", "STIC_Sec9_Extension_Included2", "STIC_Sec9_Extension_Included3", "STIC_Sec9_Extension_Included4", "STIC_Sec9_Extension_Included5", "STIC_Sec9_Extension_Included6", "STIC_Sec9_Extension_Limit1", "STIC_Sec9_Extension_Limit2", "STIC_Sec9_Extension_Limit3", "STIC_Sec9_Extension_Limit4", "STIC_Sec9_Extension_Limit5", "STIC_Sec9_Extension_Limit6", "STIC_Sec9_Extension_Premium1", "STIC_Sec9_Extension_Premium2", "STIC_Sec9_Extension_Premium3", "STIC_Sec9_Extension_Premium4", "STIC_Sec9_Extension_Premium5", "STIC_Sec9_Extension_Premium6", "STIC_Sec9_ItemNumber", "STIC_Sec9_Limit", "STIC_Sec9_PremNumber", "STIC_Sec9_Premium", "STIC_SecD_1", "STIC_SecD_10", "STIC_SecD_11", "STIC_SecD_12", "STIC_SecD_13", "STIC_SecD_2", "STIC_SecD_3", "STIC_SecD_4", "STIC_SecD_5", "STIC_SecD_6", "STIC_SecD_7", "STIC_SecD_8", "STIC_SecD_9", "STIC_SecE_1", "STIC_SecE_2", "STIC_SecE_3", "STIC_SecG_1", "STIC_SecG_2", "STIC_SecG_3", "STIC_BusInt_Type12", "STIC_BusInt_Type22", "STIC_BusInt_Type22_1", "STIC_BusInt_Type23", "STIC_BusInt_Type23_1", "STIC_BusInt_Type2_12", "STIC_BusInt_Type2_22", "STIC_BusInt_Type2_22_1", "STIC_BusInt_Type2_23", "STIC_BusInt_Type2_23_1", "STIC_ProdComp_Accepted36", "STIC_ProdComp_Accepted37", "STIC_ProdComp_Accepted38", "STIC_ProdComp_Accepted39", "STIC_ProdComp_Accepted40", "STIC_ProdComp_Accepted41", "STIC_ProdComp_Accepted42", "STIC_ProdComp_Accepted43", "STIC_ProdComp_CoverAmount36", "STIC_ProdComp_CoverAmount37", "STIC_ProdComp_CoverAmount38", "STIC_ProdComp_CoverAmount39", "STIC_ProdComp_CoverAmount40", "STIC_ProdComp_CoverAmount41", "STIC_ProdComp_CoverAmount42", "STIC_ProdComp_CoverAmount43", "STIC_ProdComp_ExistP_Excess36", "STIC_ProdComp_ExistP_Excess37", "STIC_ProdComp_ExistP_Excess38", "STIC_ProdComp_ExistP_Excess39", "STIC_ProdComp_ExistP_Excess40", "STIC_ProdComp_ExistP_Excess41", "STIC_ProdComp_ExistP_Excess42", "STIC_ProdComp_ExistP_Excess43", "STIC_ProdComp_ExistP_Premium36", "STIC_ProdComp_ExistP_Premium37", "STIC_ProdComp_ExistP_Premium38", "STIC_ProdComp_ExistP_Premium39", "STIC_ProdComp_ExistP_Premium40", "STIC_ProdComp_ExistP_Premium41", "STIC_ProdComp_ExistP_Premium42", "STIC_ProdComp_ExistP_Premium43", "STIC_ProdComp_RecommP_Excess36", "STIC_ProdComp_RecommP_Excess37", "STIC_ProdComp_RecommP_Excess38", "STIC_ProdComp_RecommP_Excess39", "STIC_ProdComp_RecommP_Excess40", "STIC_ProdComp_RecommP_Excess41", "STIC_ProdComp_RecommP_Excess42", "STIC_ProdComp_RecommP_Excess43", "STIC_ProdComp_RecommP_Premium36", "STIC_ProdComp_RecommP_Premium37", "STIC_ProdComp_RecommP_Premium38", "STIC_ProdComp_RecommP_Premium39", "STIC_ProdComp_RecommP_Premium40", "STIC_ProdComp_RecommP_Premium41", "STIC_ProdComp_RecommP_Premium42", "STIC_ProdComp_RecommP_Premium43", "STIC_ProdComp_Recommended36", "STIC_ProdComp_Recommended37", "STIC_ProdComp_Recommended38", "STIC_ProdComp_Recommended39", "STIC_ProdComp_Recommended40", "STIC_ProdComp_Recommended41", "STIC_ProdComp_Recommended42", "STIC_ProdComp_Recommended43") FROM stdin;
1	5	1							1	1	1	1													1	1		1		""	1																					1	1	1	1	1	1	1	1	1			1		1	1	1	1	1			1															1	1	2023-01-17 06:13:08.397864+00	2023-01-17 06:13:08.397884+00															1		1			1		1		1				1		1	1		1		1		1			1		1		1				1		1	1		1		1	1	1	1	1	1			1	1	1	1	1	1	1														1	1	1	1	1	1	1	1	1	1	1	1	1	1	1	1	1	1	1	1	1	1	1	1	1	1	1	1	1	0	1	1	1	1	1																																																																																																																																																																																					1	1	1	1	1	1	1	1	1	1	1	1	1	1	1	1	1	1	1	1	1	1	1	1	1	1	1	1	1	0	1	1	1	1	1															1	1	1	1													1																								1	1	1	1	1								1				1					1				1				1			1	1	1				1															1	1	1	1	1	1	1	1	1	1	1	1																	1	1	1	1	1	1	1	1	1	1	1														1											1	1	1	1	1	1	1	1	1						1					1			1			1	1	1	1	1	1	1	1	1																																			1																1			1		1		1		1		1		1			1			1			1			1			1									1	1																																		1	1															1	1											1	1	1	1	1																		1	1								1	1	1															1	1													1	1	1	1	1	1																								1													1		1			1		1		1	1	1	1	1	1	1	1																																									1	1	1	1	1	1	1	1
2	2	3							1	1	1	1													1	1		1		""	1																					1	1	1	1	1	1	1	1	1			1		1	1	1	1	1			1															1	1	2023-01-25 05:55:04.9929+00	2023-01-25 05:55:04.992922+00															1		1			1		1		1				1		1	1		1		1		1			1		1		1				1		1	1		1		1	1	1	1	1	1			1	1	1	1	1	1	1														1	1	1	1	1	1	1	1	1	1	1	1	1	1	1	1	1	1	1	1	1	1	1	1	1	1	1	1	1	0	1	1	1	1	1																																																																																																																																																																																					1	1	1	1	1	1	1	1	1	1	1	1	1	1	1	1	1	1	1	1	1	1	1	1	1	1	1	1	1	0	1	1	1	1	1															1	1	1	1													1																								1	1	1	1	1								1				1					1				1				1			1	1	1				1															1	1	1	1	1	1	1	1	1	1	1	1																	1	1	1	1	1	1	1	1	1	1	1														1											1	1	1	1	1	1	1	1	1						1					1			1			1	1	1	1	1	1	1	1	1																																			1																1			1		1		1		1		1		1			1			1			1			1			1									1	1																																		1	1															1	1											1	1	1	1	1																		1	1								1	1	1															1	1													1	1	1	1	1	1																								1													1		1			1		1		1	1	1	1	1	1	1	1																																									1	1	1	1	1	1	1	1
\.


--
-- Data for Name: data_shortterminsurancepersonal; Type: TABLE DATA; Schema: public; Owner: sfproa
--

COPY public.data_shortterminsurancepersonal (id, "advisorId", "formId", "STIP_Underwritten_By", "STIP_Branch_Name", "STIP_Branch_Number", "STIP_Quotation_Number", "STIP_Policy_Number", "STIP_Inception_Date", "STIP_Applicant_Surname", "STIP_Applicant_Gender", "STIP_Applicant_Initials", "STIP_Applicant_Title", "STIP_Applicant_DateofBirth", "STIP_Applicant_IdNumber", "STIP_Applicant_Email", "STIP_Applicant_ContactNumber", "STIP_General_Refused", "STIP_General_RefusedDetails", "STIP_General_Risks", "STIP_General_RisksDetails", "STIP_General_LastDate", "STIP_General_InsurerName", "STIP_General_TypeOfLoss", "STIP_General_LossYear", "STIP_General_LossAmount", "STIP_General_LossInsurer", "STIP_CnRI_Existing_Company", "STIP_CnRI_Replacement_Company", "STIP_CnRI_Existing_Provider", "STIP_CnRI_Replacement_Provider", "STIP_CnRI_Existing_Product", "STIP_CnRI_Replacement_Product", "STIP_CnRI_1_Recomm", "STIP_CnRI_1_Accepted", "STIP_CnRI_1_CoverAmount", "STIP_CnRI_1_Premium1", "STIP_CnRI_1_Premium2", "STIP_CnRI_1_Excess1", "STIP_CnRI_1_Excess2", "STIP_CnRI_2_Recomm", "STIP_CnRI_2_Accepted", "STIP_CnRI_2_CoverAmount", "STIP_CnRI_2_Premium1", "STIP_CnRI_2_Premium2", "STIP_CnRI_2_Excess1", "STIP_CnRI_2_Excess2", "STIP_CnRI_3_Recomm", "STIP_CnRI_3_Accepted", "STIP_CnRI_3_CoverAmount", "STIP_CnRI_3_Premium1", "STIP_CnRI_3_Premium2", "STIP_CnRI_3_Excess1", "STIP_CnRI_3_Excess2", "STIP_CnRI_4_Recomm", "STIP_CnRI_4_Accepted", "STIP_CnRI_4_CoverAmount", "STIP_CnRI_4_Premium1", "STIP_CnRI_4_Premium2", "STIP_CnRI_4_Excess1", "STIP_CnRI_4_Excess2", "STIP_CnRI_5_Recomm", "STIP_CnRI_5_Accepted", "STIP_CnRI_5_CoverAmount", "STIP_CnRI_5_Premium1", "STIP_CnRI_5_Premium2", "STIP_CnRI_5_Excess1", "STIP_CnRI_5_Excess2", "STIP_CnRI_6_Recomm", "STIP_CnRI_6_Accepted", "STIP_CnRI_6_CoverAmount", "STIP_CnRI_6_Premium1", "STIP_CnRI_6_Premium2", "STIP_CnRI_6_Excess1", "STIP_CnRI_6_Excess2", "STIP_CnRI_7_Recomm", "STIP_CnRI_7_Accepted", "STIP_CnRI_7_CoverAmount", "STIP_CnRI_7_Premium1", "STIP_CnRI_7_Premium2", "STIP_CnRI_7_Excess1", "STIP_CnRI_7_Excess2", "STIP_CnRI_8_Recomm", "STIP_CnRI_8_Accepted", "STIP_CnRI_8_CoverAmount", "STIP_CnRI_8_Premium1", "STIP_CnRI_8_Premium2", "STIP_CnRI_8_Excess1", "STIP_CnRI_8_Excess2", "STIP_CnRI_9_Recomm", "STIP_CnRI_9_Accepted", "STIP_CnRI_9_CoverAmount", "STIP_CnRI_9_Premium1", "STIP_CnRI_9_Premium2", "STIP_CnRI_9_Excess1", "STIP_CnRI_9_Excess2", "STIP_CnRI_10_Recomm", "STIP_CnRI_10_Accepted", "STIP_CnRI_10_CoverAmount", "STIP_CnRI_10_Premium1", "STIP_CnRI_10_Premium2", "STIP_CnRI_10_Excess1", "STIP_CnRI_10_Excess2", "STIP_CnRI_11_Recomm", "STIP_CnRI_11_Accepted", "STIP_CnRI_11_CoverAmount", "STIP_CnRI_11_Premium1", "STIP_CnRI_11_Premium2", "STIP_CnRI_11_Excess1", "STIP_CnRI_11_Excess2", "STIP_CnRI_12_Recomm", "STIP_CnRI_12_Accepted", "STIP_CnRI_12_CoverAmount", "STIP_CnRI_12_Premium1", "STIP_CnRI_12_Premium2", "STIP_CnRI_12_Excess1", "STIP_CnRI_12_Excess2", "STIP_CnRI_13_Recomm", "STIP_CnRI_13_Accepted", "STIP_CnRI_13_CoverAmount", "STIP_CnRI_13_Premium1", "STIP_CnRI_13_Premium2", "STIP_CnRI_13_Excess1", "STIP_CnRI_13_Excess2", "STIP_CnRI_14_Recomm", "STIP_CnRI_14_Accepted", "STIP_CnRI_14_CoverAmount", "STIP_CnRI_14_Premium1", "STIP_CnRI_14_Premium2", "STIP_CnRI_14_Excess1", "STIP_CnRI_14_Excess2", "STIP_CnRI_15_Recomm", "STIP_CnRI_15_Accepted", "STIP_CnRI_15_CoverAmount", "STIP_CnRI_15_Premium1", "STIP_CnRI_15_Premium2", "STIP_CnRI_15_Excess1", "STIP_CnRI_15_Excess2", "STIP_CnRI_16_Recomm", "STIP_CnRI_16_Accepted", "STIP_CnRI_16_CoverAmount", "STIP_CnRI_16_Premium1", "STIP_CnRI_16_Premium2", "STIP_CnRI_16_Excess1", "STIP_CnRI_16_Excess2", "STIP_CnRI_17_Recomm", "STIP_CnRI_17_Accepted", "STIP_CnRI_17_CoverAmount", "STIP_CnRI_17_Premium1", "STIP_CnRI_17_Premium2", "STIP_CnRI_17_Excess1", "STIP_CnRI_17_Excess2", "STIP_CnRI_18_Recomm", "STIP_CnRI_18_Accepted", "STIP_CnRI_18_CoverAmount", "STIP_CnRI_18_Premium1", "STIP_CnRI_18_Premium2", "STIP_CnRI_18_Excess1", "STIP_CnRI_18_Excess2", "STIP_CnRI_19_Recomm", "STIP_CnRI_19_Accepted", "STIP_CnRI_19_CoverAmount", "STIP_CnRI_19_Premium1", "STIP_CnRI_19_Premium2", "STIP_CnRI_19_Excess1", "STIP_CnRI_19_Excess2", "STIP_CnRI_20_Recomm", "STIP_CnRI_20_Accepted", "STIP_CnRI_20_CoverAmount", "STIP_CnRI_20_Premium1", "STIP_CnRI_20_Premium2", "STIP_CnRI_20_Excess1", "STIP_CnRI_20_Excess2", "STIP_CnRI_21_Recomm", "STIP_CnRI_21_Accepted", "STIP_CnRI_21_CoverAmount", "STIP_CnRI_21_Premium1", "STIP_CnRI_21_Premium2", "STIP_CnRI_21_Excess1", "STIP_CnRI_21_Excess2", "STIP_CnRI_22_Recomm", "STIP_CnRI_22_Accepted", "STIP_CnRI_22_CoverAmount", "STIP_CnRI_22_Premium1", "STIP_CnRI_22_Premium2", "STIP_CnRI_22_Excess1", "STIP_CnRI_22_Excess2", "STIP_CnRI_23_Recomm", "STIP_CnRI_23_Accepted", "STIP_CnRI_23_CoverAmount", "STIP_CnRI_23_Premium1", "STIP_CnRI_23_Premium2", "STIP_CnRI_23_Excess1", "STIP_CnRI_23_Excess2", "STIP_CnRI_24_Recomm", "STIP_CnRI_24_Accepted", "STIP_CnRI_24_CoverAmount", "STIP_CnRI_24_Premium1", "STIP_CnRI_24_Premium2", "STIP_CnRI_24_Excess1", "STIP_CnRI_24_Excess2", "STIP_CnRI_25_Recomm", "STIP_CnRI_25_Accepted", "STIP_CnRI_25_CoverAmount", "STIP_CnRI_25_Premium1", "STIP_CnRI_25_Premium2", "STIP_CnRI_25_Excess1", "STIP_CnRI_25_Excess2", "STIP_CnRI_26_Recomm", "STIP_CnRI_26_Accepted", "STIP_CnRI_26_CoverAmount", "STIP_CnRI_26_Premium1", "STIP_CnRI_26_Premium2", "STIP_CnRI_26_Excess1", "STIP_CnRI_26_Excess2", "STIP_CnRI_27_Recomm", "STIP_CnRI_27_Accepted", "STIP_CnRI_27_CoverAmount", "STIP_CnRI_27_Premium1", "STIP_CnRI_27_Premium2", "STIP_CnRI_27_Excess1", "STIP_CnRI_27_Excess2", "STIP_CnRI_FeeCharges", "STIP_CnRI_Commission", "STIP_CnRI_TotalPremium", "STIP_CnRen_Existing_Company", "STIP_CnRen_Replacement_Company", "STIP_CnRen_Existing_Provider", "STIP_CnRen_Replacement_Provider", "STIP_CnRen_Existing_Product", "STIP_CnRen_Replacement_Product", "STIP_CnRen_1_Recomm", "STIP_CnRen_1_Accepted", "STIP_CnRen_1_CoverAmount", "STIP_CnRen_1_Premium1", "STIP_CnRen_1_Premium2", "STIP_CnRen_1_Excess1", "STIP_CnRen_1_Excess2", "STIP_CnRen_2_Recomm", "STIP_CnRen_2_Accepted", "STIP_CnRen_2_CoverAmount", "STIP_CnRen_2_Premium1", "STIP_CnRen_2_Premium2", "STIP_CnRen_2_Excess1", "STIP_CnRen_2_Excess2", "STIP_CnRen_3_Recomm", "STIP_CnRen_3_Accepted", "STIP_CnRen_3_CoverAmount", "STIP_CnRen_3_Premium1", "STIP_CnRen_3_Premium2", "STIP_CnRen_3_Excess1", "STIP_CnRen_3_Excess2", "STIP_CnRen_4_Recomm", "STIP_CnRen_4_Accepted", "STIP_CnRen_4_CoverAmount", "STIP_CnRen_4_Premium1", "STIP_CnRen_4_Premium2", "STIP_CnRen_4_Excess1", "STIP_CnRen_4_Excess2", "STIP_CnRen_5_Recomm", "STIP_CnRen_5_Accepted", "STIP_CnRen_5_CoverAmount", "STIP_CnRen_5_Premium1", "STIP_CnRen_5_Premium2", "STIP_CnRen_5_Excess1", "STIP_CnRen_5_Excess2", "STIP_CnRen_6_Recomm", "STIP_CnRen_6_Accepted", "STIP_CnRen_6_CoverAmount", "STIP_CnRen_6_Premium1", "STIP_CnRen_6_Premium2", "STIP_CnRen_6_Excess1", "STIP_CnRen_6_Excess2", "STIP_CnRen_7_Recomm", "STIP_CnRen_7_Accepted", "STIP_CnRen_7_CoverAmount", "STIP_CnRen_7_Premium1", "STIP_CnRen_7_Premium2", "STIP_CnRen_7_Excess1", "STIP_CnRen_7_Excess2", "STIP_CnRen_8_Recomm", "STIP_CnRen_8_Accepted", "STIP_CnRen_8_CoverAmount", "STIP_CnRen_8_Premium1", "STIP_CnRen_8_Premium2", "STIP_CnRen_8_Excess1", "STIP_CnRen_8_Excess2", "STIP_CnRen_9_Recomm", "STIP_CnRen_9_Accepted", "STIP_CnRen_9_CoverAmount", "STIP_CnRen_9_Premium1", "STIP_CnRen_9_Premium2", "STIP_CnRen_9_Excess1", "STIP_CnRen_9_Excess2", "STIP_CnRen_10_Recomm", "STIP_CnRen_10_Accepted", "STIP_CnRen_10_CoverAmount", "STIP_CnRen_10_Premium1", "STIP_CnRen_10_Premium2", "STIP_CnRen_10_Excess1", "STIP_CnRen_10_Excess2", "STIP_CnRen_11_Recomm", "STIP_CnRen_11_Accepted", "STIP_CnRen_11_CoverAmount", "STIP_CnRen_11_Premium1", "STIP_CnRen_11_Premium2", "STIP_CnRen_11_Excess1", "STIP_CnRen_11_Excess2", "STIP_CnRen_12_Recomm", "STIP_CnRen_12_Accepted", "STIP_CnRen_12_CoverAmount", "STIP_CnRen_12_Premium1", "STIP_CnRen_12_Premium2", "STIP_CnRen_12_Excess1", "STIP_CnRen_12_Excess2", "STIP_CnRen_13_Recomm", "STIP_CnRen_13_Accepted", "STIP_CnRen_13_CoverAmount", "STIP_CnRen_13_Premium1", "STIP_CnRen_13_Premium2", "STIP_CnRen_13_Excess1", "STIP_CnRen_13_Excess2", "STIP_CnRen_14_Recomm", "STIP_CnRen_14_Accepted", "STIP_CnRen_14_CoverAmount", "STIP_CnRen_14_Premium1", "STIP_CnRen_14_Premium2", "STIP_CnRen_14_Excess1", "STIP_CnRen_14_Excess2", "STIP_CnRen_15_Recomm", "STIP_CnRen_15_Accepted", "STIP_CnRen_15_CoverAmount", "STIP_CnRen_15_Premium1", "STIP_CnRen_15_Premium2", "STIP_CnRen_15_Excess1", "STIP_CnRen_15_Excess2", "STIP_CnRen_16_Recomm", "STIP_CnRen_16_Accepted", "STIP_CnRen_16_CoverAmount", "STIP_CnRen_16_Premium1", "STIP_CnRen_16_Premium2", "STIP_CnRen_16_Excess1", "STIP_CnRen_16_Excess2", "STIP_CnRen_17_Recomm", "STIP_CnRen_17_Accepted", "STIP_CnRen_17_CoverAmount", "STIP_CnRen_17_Premium1", "STIP_CnRen_17_Premium2", "STIP_CnRen_17_Excess1", "STIP_CnRen_17_Excess2", "STIP_CnRen_18_Recomm", "STIP_CnRen_18_Accepted", "STIP_CnRen_18_CoverAmount", "STIP_CnRen_18_Premium1", "STIP_CnRen_18_Premium2", "STIP_CnRen_18_Excess1", "STIP_CnRen_18_Excess2", "STIP_CnRen_19_Recomm", "STIP_CnRen_19_Accepted", "STIP_CnRen_19_CoverAmount", "STIP_CnRen_19_Premium1", "STIP_CnRen_19_Premium2", "STIP_CnRen_19_Excess1", "STIP_CnRen_19_Excess2", "STIP_CnRen_20_Recomm", "STIP_CnRen_20_Accepted", "STIP_CnRen_20_CoverAmount", "STIP_CnRen_20_Premium1", "STIP_CnRen_20_Premium2", "STIP_CnRen_20_Excess1", "STIP_CnRen_20_Excess2", "STIP_CnRen_21_Recomm", "STIP_CnRen_21_Accepted", "STIP_CnRen_21_CoverAmount", "STIP_CnRen_21_Premium1", "STIP_CnRen_21_Premium2", "STIP_CnRen_21_Excess1", "STIP_CnRen_21_Excess2", "STIP_CnRen_22_Recomm", "STIP_CnRen_22_Accepted", "STIP_CnRen_22_CoverAmount", "STIP_CnRen_22_Premium1", "STIP_CnRen_22_Premium2", "STIP_CnRen_22_Excess1", "STIP_CnRen_22_Excess2", "STIP_CnRen_23_Recomm", "STIP_CnRen_23_Accepted", "STIP_CnRen_23_CoverAmount", "STIP_CnRen_23_Premium1", "STIP_CnRen_23_Premium2", "STIP_CnRen_23_Excess1", "STIP_CnRen_23_Excess2", "STIP_CnRen_24_Recomm", "STIP_CnRen_24_Accepted", "STIP_CnRen_24_CoverAmount", "STIP_CnRen_24_Premium1", "STIP_CnRen_24_Premium2", "STIP_CnRen_24_Excess1", "STIP_CnRen_24_Excess2", "STIP_CnRen_25_Recomm", "STIP_CnRen_25_Accepted", "STIP_CnRen_25_CoverAmount", "STIP_CnRen_25_Premium1", "STIP_CnRen_25_Premium2", "STIP_CnRen_25_Excess1", "STIP_CnRen_25_Excess2", "STIP_CnRen_26_Recomm", "STIP_CnRen_26_Accepted", "STIP_CnRen_26_CoverAmount", "STIP_CnRen_26_Premium1", "STIP_CnRen_26_Premium2", "STIP_CnRen_26_Excess1", "STIP_CnRen_26_Excess2", "STIP_CnRen_27_Recomm", "STIP_CnRen_27_Accepted", "STIP_CnRen_27_CoverAmount", "STIP_CnRen_27_Premium1", "STIP_CnRen_27_Premium2", "STIP_CnRen_27_Excess1", "STIP_CnRen_27_Excess2", "STIP_CnRen_FeeCharges", "STIP_CnRen_Commission", "STIP_CnRen_TotalPremium", "STIP_CnRI_AdviseGiven", "STIP_CnRI_ReplacePurpose", "STIP_CnRI_ReplaceReason", "STIP_CnRI_ReplaceSupplier", "STIP_HC_ResidentialArea", "STIP_HC_StreetNumber", "STIP_HC_PostalCode", "STIP_HC_ResidenceType", "STIP_HC_Flat_GroundLevel", "STIP_HC_WallConstruction", "STIP_HC_RoofConstruction", "STIP_HC_SM_BurglarBar", "STIP_HC_SM_SecurityGate", "STIP_HC_SM_AlarmSystem", "STIP_HC_SM_SecurityArea", "STIP_HC_NoClaimBonus", "STIP_HC_SumInsured", "STIP_HCEx_BusinessType", "STIP_HCEx_InsuredAmount", "STIP_HC_ADI_General1", "STIP_HC_ADI_General2", "STIP_HC_ADI_MechElecBreakdown", "STIP_HC_ADI_ElectronicalBreakdown", "STIP_HC_ADI_PowerSurgeCover1", "STIP_HC_ADI_PowerSurgeCover2", "STIP_HC_ADI_PowerSurgeCover3", "STIP_HC_Fee", "STIP_HC_Commission", "STIP_HC_TotalPremium", "STIP_Build_ResidentialArea", "STIP_Build_StreetNumber", "STIP_Build_PostalCode", "STIP_Build_ResidenceType", "STIP_Build_Type", "STIP_Build_Voluntary", "STIP_Build_SnL", "STIP_Build_ADI", "STIP_Build_WallConstruction", "STIP_Build_RoofConstruction", "STIP_Build_Fee", "STIP_Build_Commission", "STIP_Build_TotalPremium", "STIP_Build_AdditionalAdvise", "STIP_AddProp_ResidentialArea", "STIP_AddProp_StreetNumber", "STIP_AddProp_PostalCode", "STIP_AddProp_ResidenceType", "STIP_AddProp_Type", "STIP_AddProp_Voluntary", "STIP_AddProp_SnL", "STIP_AddProp_ADI", "STIP_AddProp_WallConstruction", "STIP_AddProp_RoofConstruction", "STIP_AddProp_Fee", "STIP_AddProp_Commission", "STIP_AddProp_TotalPremium", "STIP_AddProp_AdditionalAdvise", "STIP_Vehicle_Owner", "STIP_Vehicle_RegOwner", "STIP_Vehicle_Usage", "STIP_Vehicle_ONParkingOptions", "STIP_Vehicle_ONParking", "STIP_Vehicle_ONOtherParking", "STIP_Vehicle_CoverType", "STIP_Vehicle_SM1", "STIP_Vehicle_SM2", "STIP_Vehicle_SM3", "STIP_Vehicle_SM4", "STIP_Vehicle_Driver", "STIP_Vehicle_DriverLicIssDate", "STIP_Vehicle_LicCode", "STIP_Vehicle_SumInsured", "STIP_Vehicle_ClaimBonus", "STIP_Vehicle_VoluntaryExcess", "STIP_Vehicle_Extras1", "STIP_Vehicle_ExtrasAmount1", "STIP_Vehicle_Extras2", "STIP_Vehicle_ExtrasAmount2", "STIP_Vehicle_Extras3", "STIP_Vehicle_ExtrasAmount3", "STIP_Vehicle_Extras4", "STIP_Vehicle_ExtrasAmount4", "STIP_Vehicle_Extras5", "STIP_Vehicle_ExtrasAmount5", "STIP_Vehicle_Extras6", "STIP_Vehicle_ExtrasAmount6", "STIP_Vehicle_Extras7", "STIP_Vehicle_ExtrasAmount7", "STIP_Vehicle_Extras8", "STIP_Vehicle_ExtrasAmount8", "STIP_Vehicle_Extras9", "STIP_Vehicle_ExtrasAmount9", "STIP_Vehicle_Extras10", "STIP_Vehicle_ExtrasAmount10", "STIP_Vehicle_Extras11", "STIP_Vehicle_ExtrasAmount11", "STIP_Vehicle_Extras12", "STIP_Vehicle_ExtrasAmount12", "STIP_Vehicle_Extras13", "STIP_Vehicle_ExtrasAmount13", "STIP_Vehicle_Extras14", "STIP_Vehicle_ExtrasAmount14", "STIP_Vehicle_AC1", "STIP_Vehicle_AC2", "STIP_Vehicle_AC3", "STIP_Vehicle_AC4", "STIP_Vehicle_AC5", "STIP_Vehicle_Fees", "STIP_Vehicle_Commission", "STIP_Vehicle_TotalPremium", "STIP_Vehicle_Comments", "STIP_MotorC_RegOwner", "STIP_MotorC_Usage", "STIP_MotorC_ONParkingOptions", "STIP_MotorC_ONParking", "STIP_MotorC_ONOtherParking", "STIP_MotorC_CoverType", "STIP_MotorC_Driver", "STIP_MotorC_Driver1", "STIP_MotorC_DriverLicIssDate", "STIP_MotorC_LicCode", "STIP_MotorC_SumInsured", "STIP_MotorC_ClaimBonus", "STIP_MotorC_Fees", "STIP_MotorC_Commission", "STIP_MotorC_TotalPremium", "STIP_MotorC_Comments", "STIP_Trailer_RegOwner", "STIP_Trailer_Type", "STIP_Trailer_ONParkingOptions", "STIP_Trailer_ONOtherParking", "STIP_Trailer_SumInsured", "STIP_Trailer_ClaimBonus", "STIP_Trailer_Fees", "STIP_Trailer_Commission", "STIP_Trailer_TotalPremium", "STIP_Trailer_Comments", "STIP_WaterC_RegOwner", "STIP_WaterC_Type", "STIP_WaterC_Hull", "STIP_WaterC_SumInsured", "STIP_WaterC_VIN", "STIP_WaterC_EngineNumber", "STIP_WaterC_OC_Glitter", "STIP_WaterC_OC_SpecifiedAccessories", "STIP_WaterC_OC_MotorType", "STIP_WaterC_OC_Output", "STIP_WaterC_Fees", "STIP_WaterC_Commission", "STIP_WaterC_TotalPremium", "STIP_WaterC_Comments", "STIP_PersonalLL_IndemnityLimit", "STIP_PersonalLL_IndemnityLimitDetail", "STIP_PersonalLL_Fees", "STIP_PersonalLL_Commission", "STIP_PersonalLL_TotalPremium", "STIP_PersonalLL_Comments", "STIP_LegalA_IndemnityLimit", "STIP_LegalA_IndemnityLimitDetail", "STIP_LegalA_Fees", "STIP_LegalA_Commission", "STIP_LegalA_TotalPremium", "STIP_LegalA_Comments", "STIP_ProductConsidered", "STIP_ProductRecommended", "STIP_ProductReasons", "STIP_DbyI_IName", "STIP_DbyI_Code", "STIP_DbyI_Signature", "STIP_DbyI_Date", "STIP_MSA_ClientName", "STIP_MSA_ClientIdNumber", "STIP_MSA_ClientAddress", "STIP_MSA_ClientEmail", "STIP_MSA_ClientPhone", "STIP_MSA_ClientDate", "STIP_MSA_Name", "STIP_MSA_MaritalStatus", "STIP_MSA_Gender", "STIP_MSA_Occupation", "STIP_MSA_Income", "STIP_MSA_Subsidy", "STIP_MSA_Dependant", "STIP_MSA_Spouse", "STIP_MSA_AdultDependant", "STIP_MSA_ChronicM", "STIP_MSA_ChronicS", "STIP_MSA_ChronicAD", "STIP_MSA_ChronicC", "STIP_MSA_ChronicOC", "STIP_MSA_PFromDate", "STIP_MSA_PTODate", "STIP_BackInfo", "STIP_SNA_Needs1", "STIP_SNA_Comments1", "STIP_SNA_Needs2", "STIP_SNA_Comments2", "STIP_SNA_Needs3", "STIP_SNA_Comments3", "STIP_SNA_Needs4", "STIP_SNA_Comments4", "STIP_SNA_Needs5", "STIP_SNA_Comments5", "STIP_SNA_Needs6", "STIP_SNA_Comments6", "STIP_SNA_Needs7", "STIP_SNA_Comments7", "STIP_SNA_Needs8", "STIP_SNA_Comments8", "STIP_SNA_Needs9", "STIP_SNA_Comments9", "STIP_SNA_Needs10", "STIP_SNA_Comments10", "STIP_CoMAB_Current1", "STIP_CoMAB_Replaced1", "STIP_CoMAB_Current2", "STIP_CoMAB_Replaced2", "STIP_CoMAB_Current3", "STIP_CoMAB_Replaced3", "STIP_CoMAB_Current4", "STIP_CoMAB_Replaced4", "STIP_CoMAB_Current5", "STIP_CoMAB_Replaced5", "STIP_CoMAB_Current6", "STIP_CoMAB_Replaced6", "STIP_CoMAB_Current7", "STIP_CoMAB_Replaced7", "STIP_CoMAB_Current8", "STIP_CoMAB_Replaced8", "STIP_CoMAB_Current9", "STIP_CoMAB_Replaced9", "STIP_CoMAB_Current10", "STIP_CoMAB_Replaced10", "STIP_CoMAB_Current11", "STIP_CoMAB_Replaced11", "STIP_CoMAB_Current12", "STIP_CoMAB_Replaced12", "STIP_SectionD_SnF", "STIP_SectionE_PMB", "STIP_SectionF_NotAccepted", "STIP_SectionF_Reasons", "STIP_SectionF_Consequences", "STIP_SectionF_Fee", "STIP_SectionF_Comments", "STIP_SectionF_Date", "STIP_SectionF_ClientName", status, created_at, updated_at) FROM stdin;
1	5	1								1							1	0	1	0													1	1						1	1						1	1						1	1						1	1						1	1						1	1						1	1						1	1						1	1						1	1						1	1						1	1						1	1						1	1						1	1						1	1						1	1						1	1						1	1						1	1						1	1						1	1						1	1						1	1						1	1						1	1															1	1						1	1						1	1						1	1						1	1						1	1						1	1						1	1						1	1						1	1						1	1						1	1						1	1						1	1						1	1						1	1						1	1						1	1						1	1						1	1						1	1						1	1						1	1						1	1						1	1						1	1						1	1									1								1	1	1	1	1	1	1					1	1	1	1	1	1	1									1	1	1	1	1										1	1	1	1	1								0			0	1	1	1	1						1	1		1		1		1		1		1		1		1		1		1		1		1		1				1	1	1	1	1							1			1	1												1			1																			1						1																																				1		1		1		1		1		1		1		1		1		1		1		1		1		1		1		1		1		1		1		1		1		1						1					1	2023-01-17 06:13:08.146966+00	2023-01-17 06:13:08.146985+00
2	2	3								1							1	0	1	0													1	1						1	1						1	1						1	1						1	1						1	1						1	1						1	1						1	1						1	1						1	1						1	1						1	1						1	1						1	1						1	1						1	1						1	1						1	1						1	1						1	1						1	1						1	1						1	1						1	1						1	1						1	1															1	1						1	1						1	1						1	1						1	1						1	1						1	1						1	1						1	1						1	1						1	1						1	1						1	1						1	1						1	1						1	1						1	1						1	1						1	1						1	1						1	1						1	1						1	1						1	1						1	1						1	1						1	1									1								1	1	1	1	1	1	1					1	1	1	1	1	1	1									1	1	1	1	1										1	1	1	1	1								0			0	1	1	1	1						1	1		1		1		1		1		1		1		1		1		1		1		1		1				1	1	1	1	1							1			1	1												1			1																			1						1																																				1		1		1		1		1		1		1		1		1		1		1		1		1		1		1		1		1		1		1		1		1		1						1					1	2023-01-25 05:55:04.90075+00	2023-01-25 05:55:04.900788+00
\.


--
-- Data for Name: data_useraccount; Type: TABLE DATA; Schema: public; Owner: sfproa
--

COPY public.data_useraccount (id, last_login, email, username, name, partial_password, admin_id, password, is_active, is_staff, is_superuser, role) FROM stdin;
1	\N	armughan.ahmad@kasparholdings.com	armughan.ahmad@kasparholdings.com	Armughan Ahmad	t	0	pbkdf2_sha256$390000$FKyTlr13RmzTQeQxLzKyva$YsRxqTA4G4FREFYX9deK3X3EWTTiC9aPXIhHwxXTCw0=	1	t	t	1
3	\N	fatima.ahmed@kasparholdings.com	fatima.ahmed@kasparholdings.com	Fatima Ahmed	t	0	pbkdf2_sha256$390000$t1LL09zysmT4g9Kuxmzsaf$5s5T+6cfMhgsNagZp559DyQjP6u5rEt0GoJFlCU7uOg=	1	t	t	1
4	\N	maryum.khan@kasparholdings.com	maryum.khan@kasparholdings.com	Maryum Khan	t	0	pbkdf2_sha256$390000$D0WtDG8l7MOsyOzk9Tf4G0$N8kujFD630szwzKM6F4mQg4Fa13HW9LsN5fJ5+aNJiQ=	1	t	t	1
5	\N	misbah.ayaz@kasparholdings.com	misbah.ayaz@kasparholdings.com	Misbah Ayaz	t	0	pbkdf2_sha256$390000$YecrriZOiWY4zeqIjAKLoC$fHqGmLMk7XIchfU8uzFt0qY/nMFUHyKH16zb38EBYGY=	1	t	t	1
2	\N	aakifah.hoosen@succession.co.za	aakifah.hoosen@succession.co.za	Aakifah Hoosen	t	0	pbkdf2_sha256$390000$zL3UHeMfydjiKXxACe9emY$O/EpY+8y1LlyyTDzLBYOqLXJIKWHCg7Nd1swcPglgK4=	1	t	t	1
20	\N	aileen.sirkissoon@succession.co.za	aileen.sirkissoon@succession.co.za	Aileen Sirkissoon	t	0	pbkdf2_sha256$390000$MEiv5EhTpYGyR6a32QXgCY$I4o8cMYaI82iimagoyni2eTA0FS9498ej67z00Q7xik=	1	f	f	1
21	\N	amanda.acheampong@succession.co.za	amanda.acheampong@succession.co.za	Amanda Acheampong	t	0	pbkdf2_sha256$390000$ftMZ5Y8AVCPAbfBPi40yma$PYfGqtEJIcmulOBaYBosZ30yvijc09RfSDf6Sz8IrkU=	1	f	f	1
22	\N	andre.krause@succession.co.za	andre.krause@succession.co.za	Andre Krause	t	0	pbkdf2_sha256$390000$o7QeRVxVCVPiZLeSIr8CPu$Y6qCA+da4lFr5LdizgRfGZbIV4IN3Wug0t+ZqbWBJSI=	1	f	f	1
23	\N	bartho.devries@sfpadvice.co.za	bartho.devries@sfpadvice.co.za	Bartho De Vries	t	0	pbkdf2_sha256$390000$VzRT6oKTaC8jCk4sM3wf1I$k69FEABm+tlJmWtLc0Sy6JSr1Jt5LC1k9ZA3adCW4vY=	1	f	f	1
24	\N	joel.mdhluli@succession.co.za	joel.mdhluli@succession.co.za	Joel Mdhluli	t	0	pbkdf2_sha256$390000$8wlMrA0tId3vDjBwlMTZpo$CNVFPwRoLAlQJIwfhmStYWm8Z2+/7US2C95cho/LGrU=	1	f	f	1
25	\N	nokwethemba.mchunu@succession.co.za	nokwethemba.mchunu@succession.co.za	Nokwe Mchunu	t	0	pbkdf2_sha256$390000$ywCoUX49f9Y32kzaegsO9N$3w8qm/hhAUsj8dViJxCx5DZPuHeS/D7hKS+9sqMxBiw=	1	f	f	1
26	\N	paris.nghunyulu@succession.co.za	paris.nghunyulu@succession.co.za	Paris Nghunyulu	t	0	pbkdf2_sha256$390000$lGoymOBpqIuaSyPQIuZiTx$r/rYK57z223KfwxXw6xcn/qD3SS1UFR+BLp/ibz9mSg=	1	f	f	1
27	\N	pauline.sewparsad@succession.co.za	pauline.sewparsad@succession.co.za	Pauline Sewparsad	t	0	pbkdf2_sha256$390000$YuzHypTkHCeDHCeZmGC1pI$zT2vm1Oj/zMs25gIFrAC1Qn2RkzppWxFBZBBsvMpzuE=	1	f	f	1
28	\N	pontsho.lechelele@succession.co.za	pontsho.lechelele@succession.co.za	Pontsho Lechelele	t	0	pbkdf2_sha256$390000$InEpCo21WG31ivI78vFMrm$1t+MpwfoAOKDTuKwL0tFd+BgMoGOgKWhs3YLtP4Z8MU=	1	f	f	1
29	\N	ruallen.woods@succession.co.za	ruallen.woods@succession.co.za	Ruallen Woods	t	0	pbkdf2_sha256$390000$49fAfZHR3TLz0lPEOvLoL4$LBXYRI/PSOLd3ITOxmIp2gMfjsuYjLUNC7JE2YZV+iE=	1	f	f	1
30	\N	sadha.naidoo@succession.co.za	sadha.naidoo@succession.co.za	Sadha Naidoo	t	0	pbkdf2_sha256$390000$TkSBiFnz4WqZxCqLF0MEj2$CiJxPZfHCsOQl3bZwDvIrSgYLwE/wAjHt1Iv+uv+oXA=	1	f	f	1
31	\N	tlhogi.serite@succession.co.za	tlhogi.serite@succession.co.za	Tlhogi Serite	t	0	pbkdf2_sha256$390000$wgxQDGQCBmWz6Y4c5sZ1GR$lL9DeX9efQhLI5vavw8xd/zYR37OYywvg5ktwrMpDGM=	1	f	f	1
32	\N	mohammad.malik@succession.co.za	mohammad.malik@succession.co.za	Mohammad Malik	t	0	pbkdf2_sha256$390000$4rejBThMDO14QlYEcDyvzp$sw2vZyrdh/9MElBv6oRG2d2XbFeNnWV2/xsgKi+04KE=	1	t	t	1
\.


--
-- Data for Name: data_useraccount_groups; Type: TABLE DATA; Schema: public; Owner: sfproa
--

COPY public.data_useraccount_groups (id, useraccount_id, group_id) FROM stdin;
\.


--
-- Data for Name: data_useraccount_user_permissions; Type: TABLE DATA; Schema: public; Owner: sfproa
--

COPY public.data_useraccount_user_permissions (id, useraccount_id, permission_id) FROM stdin;
\.


--
-- Data for Name: django_admin_log; Type: TABLE DATA; Schema: public; Owner: sfproa
--

COPY public.django_admin_log (id, action_time, object_id, object_repr, action_flag, change_message, content_type_id, user_id) FROM stdin;
\.


--
-- Data for Name: django_content_type; Type: TABLE DATA; Schema: public; Owner: sfproa
--

COPY public.django_content_type (id, app_label, model) FROM stdin;
1	admin	logentry
2	auth	permission
3	auth	group
4	contenttypes	contenttype
5	sessions	session
6	data	assuranceinvestment
7	data	assurancerisk
8	data	employeebenefits
9	data	fiduciary
10	data	form
11	data	investmentplanning
12	data	riskplanning
13	data	useraccount
14	data	shortterminsurancecommerical
15	data	gapcover
16	data	shortterminsurancepersonal
17	authtoken	token
18	authtoken	tokenproxy
19	token_blacklist	blacklistedtoken
20	token_blacklist	outstandingtoken
\.


--
-- Data for Name: django_migrations; Type: TABLE DATA; Schema: public; Owner: sfproa
--

COPY public.django_migrations (id, app, name, applied) FROM stdin;
1	contenttypes	0001_initial	2022-12-28 15:05:01.336464+00
2	contenttypes	0002_remove_content_type_name	2022-12-28 15:05:01.345925+00
3	auth	0001_initial	2022-12-28 15:05:01.412453+00
4	auth	0002_alter_permission_name_max_length	2022-12-28 15:05:01.419776+00
5	auth	0003_alter_user_email_max_length	2022-12-28 15:05:01.43025+00
6	auth	0004_alter_user_username_opts	2022-12-28 15:05:01.437724+00
7	auth	0005_alter_user_last_login_null	2022-12-28 15:05:01.44522+00
8	auth	0006_require_contenttypes_0002	2022-12-28 15:05:01.449274+00
9	auth	0007_alter_validators_add_error_messages	2022-12-28 15:05:01.458213+00
10	auth	0008_alter_user_username_max_length	2022-12-28 15:05:01.466402+00
11	auth	0009_alter_user_last_name_max_length	2022-12-28 15:05:01.473734+00
12	auth	0010_alter_group_name_max_length	2022-12-28 15:05:01.483186+00
13	auth	0011_update_proxy_permissions	2022-12-28 15:05:01.49071+00
14	auth	0012_alter_user_first_name_max_length	2022-12-28 15:05:01.498289+00
15	data	0001_OtherTables	2022-12-28 15:05:01.719253+00
16	admin	0001_initial	2022-12-28 15:05:01.756467+00
17	admin	0002_logentry_remove_auto_add	2022-12-28 15:05:01.767129+00
18	admin	0003_logentry_add_action_flag_choices	2022-12-28 15:05:01.779378+00
19	authtoken	0001_initial	2022-12-28 15:05:01.808236+00
20	authtoken	0002_auto_20160226_1747	2022-12-28 15:05:01.838391+00
21	authtoken	0003_tokenproxy	2022-12-28 15:05:01.843301+00
22	data	0002_fiduciaryExecutorDetail	2022-12-28 15:05:01.883075+00
23	data	0003_fiduciaryExecutor	2022-12-28 15:05:01.892284+00
24	data	0004_fiduciaryExecutor1	2022-12-28 15:05:01.898641+00
25	data	0005_fiduciaryExecutor2	2022-12-28 15:05:01.90769+00
26	data	0006_noMoreClientId	2022-12-28 15:05:01.917458+00
27	data	0007_hmmmv1	2022-12-28 15:05:01.985852+00
28	data	0008_update	2022-12-28 15:05:03.908642+00
29	data	0009_update1	2022-12-28 15:05:03.923123+00
30	data	0010_update1	2022-12-28 15:05:03.93164+00
31	data	0011_update1	2022-12-28 15:05:03.942534+00
32	data	0012_update1	2022-12-28 15:05:03.953343+00
33	data	0013_update1	2022-12-28 15:05:03.961462+00
34	data	0014_update1	2022-12-28 15:05:03.971582+00
35	data	0015_update1	2022-12-28 15:05:04.05604+00
36	data	0016_update1	2022-12-28 15:05:04.089999+00
37	data	0017_update1	2022-12-28 15:05:04.107353+00
38	data	0018_update1	2022-12-28 15:05:04.124255+00
39	data	0019_update1	2022-12-28 15:05:04.140612+00
40	data	0020_update1	2022-12-28 15:05:04.152142+00
41	data	0021_update1	2022-12-28 15:05:04.392006+00
42	data	0022_update2	2022-12-28 15:05:04.416792+00
43	data	0023_update2_1	2022-12-28 15:05:04.435358+00
44	data	0024_update2_2	2022-12-28 15:05:04.489763+00
45	data	0025_update2_3	2022-12-28 15:05:04.548027+00
46	data	0026_update2_4	2022-12-28 15:05:04.581286+00
47	data	0027_update2_5	2022-12-28 15:05:04.605002+00
48	data	0028_update2_6	2022-12-28 15:05:04.662138+00
49	data	0029_update2_7	2022-12-28 15:05:04.721115+00
50	data	0030_update2_8	2022-12-28 15:05:04.73692+00
51	data	0031_update2_9	2022-12-28 15:05:04.754289+00
52	data	0032_update2_10	2022-12-28 15:05:04.782584+00
53	data	0033_update2_1_1	2022-12-28 15:05:04.811439+00
54	data	0034_update2_1_2	2022-12-28 15:05:04.843563+00
55	data	0035_update2_1_3	2022-12-28 15:05:04.856269+00
56	data	0036_update2_1_4	2022-12-28 15:05:04.956986+00
57	data	0037_update2_1_5	2022-12-28 15:05:04.974929+00
58	data	0038_update2_1_6	2022-12-28 15:05:06.394453+00
59	data	0039_update2_1_7	2022-12-28 15:05:06.450774+00
60	data	0040_update2_1_8	2022-12-28 15:05:06.463218+00
61	data	0041_update2_1_9	2022-12-28 15:05:06.623498+00
62	data	0042_update2_2_1	2022-12-28 15:05:13.585609+00
63	data	0043_update2_2_2	2022-12-28 15:05:32.725111+00
64	data	0044_update2_2_3	2022-12-28 15:05:36.463715+00
65	data	0045_update2_2_4	2022-12-28 15:05:36.777893+00
66	data	0046_update2_2_5	2022-12-28 15:05:36.846925+00
67	data	0047_update2_2_6	2022-12-28 15:05:36.902517+00
68	data	0048_update2_2_6	2022-12-28 15:05:36.997382+00
69	data	0049_update2_2_7	2022-12-28 15:05:37.04401+00
70	data	0050_update2_2_8	2022-12-28 15:05:37.096849+00
71	data	0051_update2_2_9	2022-12-28 15:05:37.112794+00
72	data	0052_update2_3_1	2022-12-28 15:05:37.122773+00
73	sessions	0001_initial	2022-12-28 15:05:37.157685+00
74	token_blacklist	0001_initial	2022-12-28 15:05:37.224016+00
75	token_blacklist	0002_outstandingtoken_jti_hex	2022-12-28 15:05:37.239356+00
76	token_blacklist	0003_auto_20171017_2007	2022-12-28 15:05:37.318804+00
77	token_blacklist	0004_auto_20171017_2013	2022-12-28 15:05:37.347157+00
78	token_blacklist	0005_remove_outstandingtoken_jti	2022-12-28 15:05:37.361191+00
79	token_blacklist	0006_auto_20171017_2113	2022-12-28 15:05:37.376038+00
80	token_blacklist	0007_auto_20171017_2214	2022-12-28 15:05:37.412841+00
81	token_blacklist	0008_migrate_to_bigautofield	2022-12-28 15:05:37.49137+00
82	token_blacklist	0010_fix_migrate_to_bigautofield	2022-12-28 15:05:37.617925+00
83	token_blacklist	0011_linearizes_history	2022-12-28 15:05:37.623585+00
84	data	0053_useraccount_firstlogin	2022-12-29 11:53:54.354242+00
85	data	0054_remove_useraccount_firstlogin_and_more	2022-12-29 11:53:54.388445+00
\.


--
-- Data for Name: django_session; Type: TABLE DATA; Schema: public; Owner: sfproa
--

COPY public.django_session (session_key, session_data, expire_date) FROM stdin;
\.


--
-- Data for Name: token_blacklist_blacklistedtoken; Type: TABLE DATA; Schema: public; Owner: sfproa
--

COPY public.token_blacklist_blacklistedtoken (id, blacklisted_at, token_id) FROM stdin;
\.


--
-- Data for Name: token_blacklist_outstandingtoken; Type: TABLE DATA; Schema: public; Owner: sfproa
--

COPY public.token_blacklist_outstandingtoken (id, token, created_at, expires_at, user_id, jti) FROM stdin;
1	eyJhbGciOiJIUzI1NiIsInR5cCI6IkpXVCJ9.eyJ0b2tlbl90eXBlIjoicmVmcmVzaCIsImV4cCI6MTY3MjM4OTA3NiwianRpIjoiNmYwYzAxZjE1NTAzNGVmYzllNDM0NzNhYjIwYzIwYjgiLCJ1c2VyX2lkIjoxfQ.ShGedkmc083VQZLYslhkZ7S3fOBfFUtZ_bz8CcKvFio	2022-12-29 08:31:16.340103+00	2022-12-30 08:31:16+00	1	6f0c01f155034efc9e43473ab20c20b8
2	eyJhbGciOiJIUzI1NiIsInR5cCI6IkpXVCJ9.eyJ0b2tlbl90eXBlIjoicmVmcmVzaCIsImV4cCI6MTY3MjM4OTA3NywianRpIjoiZDVmMmY5ZGE5OGI5NDNlZmJiNjk0NTY4NzExMDc0NjciLCJ1c2VyX2lkIjoxfQ.7GruzI2yMGisNuejX-weHOdBwszylYJKAhMbVYHt0Js	2022-12-29 08:31:17.217569+00	2022-12-30 08:31:17+00	1	d5f2f9da98b943efbb69456871107467
3	eyJhbGciOiJIUzI1NiIsInR5cCI6IkpXVCJ9.eyJ0b2tlbl90eXBlIjoicmVmcmVzaCIsImV4cCI6MTY3MjM5MjEyMywianRpIjoiMjJiNjg1ZGY1YzkyNDdlZmEyZjhhNjIwNmY4NzU0MGYiLCJ1c2VyX2lkIjoxfQ.BLlAA1f6A6qdCXPNdZB6H_vd0anWepjpr6MB45AYLTM	2022-12-29 09:22:03.892197+00	2022-12-30 09:22:03+00	1	22b685df5c9247efa2f8a6206f87540f
4	eyJhbGciOiJIUzI1NiIsInR5cCI6IkpXVCJ9.eyJ0b2tlbl90eXBlIjoicmVmcmVzaCIsImV4cCI6MTY3MjM5MjEyNCwianRpIjoiNmQxYzc1NzkzNjEyNGUzZDk0OTg2NmEyMDY0OTRmOTgiLCJ1c2VyX2lkIjoxfQ.nmv5QDermrEi3hq4_DMCWTVZJd1KQ0iQJeMgv751_Uk	2022-12-29 09:22:04.581529+00	2022-12-30 09:22:04+00	1	6d1c757936124e3d949866a206494f98
5	eyJhbGciOiJIUzI1NiIsInR5cCI6IkpXVCJ9.eyJ0b2tlbl90eXBlIjoicmVmcmVzaCIsImV4cCI6MTY3MjM5MjUyNCwianRpIjoiNDFjMTgyMjQzY2I2NDgwM2JiYzI5Y2Y5YWVlNjhhY2YiLCJ1c2VyX2lkIjoxfQ.cQSSg0t6enhtD-E0ZgBrTjZ4DldMQTW9gOK5QWr-n2g	2022-12-29 09:28:44.252916+00	2022-12-30 09:28:44+00	1	41c182243cb64803bbc29cf9aee68acf
6	eyJhbGciOiJIUzI1NiIsInR5cCI6IkpXVCJ9.eyJ0b2tlbl90eXBlIjoicmVmcmVzaCIsImV4cCI6MTY3MjM5MjUyNCwianRpIjoiMTZmNGEwYzk3MGU1NDg0MmIyNDQ0NzFmMzk4M2E4YTgiLCJ1c2VyX2lkIjoxfQ.Y4AE9UMPZ-y-7f_UDj7U56HxJ4ldgb0ptjAIiHXmx2g	2022-12-29 09:28:44.913948+00	2022-12-30 09:28:44+00	1	16f4a0c970e54842b244471f3983a8a8
7	eyJhbGciOiJIUzI1NiIsInR5cCI6IkpXVCJ9.eyJ0b2tlbl90eXBlIjoicmVmcmVzaCIsImV4cCI6MTY3MjM5NDE5MiwianRpIjoiMzI2NzE2NWQ3MTg3NDY1Zjg2N2M1N2VmNTRjYTc1Y2UiLCJ1c2VyX2lkIjoxfQ.Oqfs4NeDDx6HWCluwTEjpmX2G4gbYe-gMZFbflKJsBk	2022-12-29 09:56:32.598968+00	2022-12-30 09:56:32+00	1	3267165d7187465f867c57ef54ca75ce
8	eyJhbGciOiJIUzI1NiIsInR5cCI6IkpXVCJ9.eyJ0b2tlbl90eXBlIjoicmVmcmVzaCIsImV4cCI6MTY3MjM5NDE5MywianRpIjoiODhiMGQzMDVlZWQwNDJjOGI3YzAyOWM2ZmVjNzUyYjciLCJ1c2VyX2lkIjoxfQ.xMakczBMVS6BaCBB7uhvyvTOhc-sSdilznGq_NBvXkw	2022-12-29 09:56:33.25653+00	2022-12-30 09:56:33+00	1	88b0d305eed042c8b7c029c6fec752b7
9	eyJhbGciOiJIUzI1NiIsInR5cCI6IkpXVCJ9.eyJ0b2tlbl90eXBlIjoicmVmcmVzaCIsImV4cCI6MTY3MjQwMTI5NCwianRpIjoiOTA4ZWEzNDI3OWUyNDRjMGI5MDlmNjhiYzM0NmRjMDYiLCJ1c2VyX2lkIjoxfQ.w_CN5vgfR5Zvb88F3xRw4QBJR-AjB7S83IzN0RidRW8	2022-12-29 11:54:54.629637+00	2022-12-30 11:54:54+00	1	908ea34279e244c0b909f68bc346dc06
10	eyJhbGciOiJIUzI1NiIsInR5cCI6IkpXVCJ9.eyJ0b2tlbl90eXBlIjoicmVmcmVzaCIsImV4cCI6MTY3MjQwMTI5NSwianRpIjoiMjQ5MTQ0OWMwOWZlNGViNmJhNzA5ZWZlYzhjNTIyNjMiLCJ1c2VyX2lkIjoxfQ.54txfqZowW-vZa5VYSzks_tzQ-YaO5FEKRWq-L1N6vg	2022-12-29 11:54:55.27889+00	2022-12-30 11:54:55+00	1	2491449c09fe4eb6ba709efec8c52263
11	eyJhbGciOiJIUzI1NiIsInR5cCI6IkpXVCJ9.eyJ0b2tlbl90eXBlIjoicmVmcmVzaCIsImV4cCI6MTY3MjQwNTE0NiwianRpIjoiYjQxMzYxYjg1ODhhNGMwMTlmMmU3ZTQ3NmQ1MjRkNjEiLCJ1c2VyX2lkIjoxfQ.aZIkwFUdMVesMj68D98tHGuK9lU4R539cbQveXGmhME	2022-12-29 12:59:06.854616+00	2022-12-30 12:59:06+00	1	b41361b8588a4c019f2e7e476d524d61
12	eyJhbGciOiJIUzI1NiIsInR5cCI6IkpXVCJ9.eyJ0b2tlbl90eXBlIjoicmVmcmVzaCIsImV4cCI6MTY3MjQwNTE0NywianRpIjoiZWJjYWMyODU1NmE4NDZjNDljOTc2MTI5NGI4MmRkMzciLCJ1c2VyX2lkIjoxfQ.6dL0HaRrVQJfV55nARxyJ1vvgK7E3OAe-0Ea5qK3QWs	2022-12-29 12:59:07.547244+00	2022-12-30 12:59:07+00	1	ebcac28556a846c49c9761294b82dd37
13	eyJhbGciOiJIUzI1NiIsInR5cCI6IkpXVCJ9.eyJ0b2tlbl90eXBlIjoicmVmcmVzaCIsImV4cCI6MTY3MjgxMDk0MSwianRpIjoiZGU2MjU2ZjBjNTAxNDExZGE3ZTkyNjE4ZmM5MDhjOWYiLCJ1c2VyX2lkIjoxfQ.OZVHNfpvTjmj7dzRM5cPTeU3Ea1VIw82pV6gLrxqhPg	2023-01-03 05:42:21.200177+00	2023-01-04 05:42:21+00	1	de6256f0c501411da7e92618fc908c9f
14	eyJhbGciOiJIUzI1NiIsInR5cCI6IkpXVCJ9.eyJ0b2tlbl90eXBlIjoicmVmcmVzaCIsImV4cCI6MTY3MjgxMDk0MSwianRpIjoiY2ViYWYyOTdiMjVjNDg3N2I3YzZlMTQ0MTM4MjdkNDAiLCJ1c2VyX2lkIjoxfQ.ATRj8gwsJS4L3kHuy00qnC0RP2AiCnEC9gYjUhx8rpQ	2023-01-03 05:42:21.818203+00	2023-01-04 05:42:21+00	1	cebaf297b25c4877b7c6e14413827d40
15	eyJhbGciOiJIUzI1NiIsInR5cCI6IkpXVCJ9.eyJ0b2tlbl90eXBlIjoicmVmcmVzaCIsImV4cCI6MTY3MjgxOTQ3MSwianRpIjoiYjkxZmU0ZTczMjI0NDBiZmE4YmExOTk2ZWVlNDk0OGIiLCJ1c2VyX2lkIjoxfQ._xnf-r2vs3Hrwn30ie6Z-1Z4XiJJH-THIM3TuVRVbaY	2023-01-03 08:04:31.438269+00	2023-01-04 08:04:31+00	1	b91fe4e7322440bfa8ba1996eee4948b
16	eyJhbGciOiJIUzI1NiIsInR5cCI6IkpXVCJ9.eyJ0b2tlbl90eXBlIjoicmVmcmVzaCIsImV4cCI6MTY3MjgxOTQ3MiwianRpIjoiOTgzYzRlNDNiOGVjNDVkOTk5NDA2M2QxMmVhOWQwY2MiLCJ1c2VyX2lkIjoxfQ.kepvdsO6Ds2iBorzdqwVDrfwmaf0Xr0jadUCZRZ6XhA	2023-01-03 08:04:32.092498+00	2023-01-04 08:04:32+00	1	983c4e43b8ec45d9994063d12ea9d0cc
17	eyJhbGciOiJIUzI1NiIsInR5cCI6IkpXVCJ9.eyJ0b2tlbl90eXBlIjoicmVmcmVzaCIsImV4cCI6MTY3MjgyODQzNCwianRpIjoiNzA2OGQ1Yzg4OTFmNGVmY2ExYTU5ZmNjM2E4ZWQ0OGQiLCJ1c2VyX2lkIjo0fQ.V4ouLdMPLsvztx_KqfVM9SbiYK4i5zmuOMDviRprfR4	2023-01-03 10:33:54.838976+00	2023-01-04 10:33:54+00	4	7068d5c8891f4efca1a59fcc3a8ed48d
18	eyJhbGciOiJIUzI1NiIsInR5cCI6IkpXVCJ9.eyJ0b2tlbl90eXBlIjoicmVmcmVzaCIsImV4cCI6MTY3MjgyODQzNSwianRpIjoiOTczN2YzNDEzYWRkNDVjYmJlZTYxNjAzMGNmODcwNDAiLCJ1c2VyX2lkIjo0fQ.6XQ9XwtMcdtzWsTvcPBkhGMV-XRTo0w62gvCbT6KOnc	2023-01-03 10:33:55.14857+00	2023-01-04 10:33:55+00	4	9737f3413add45cbbee616030cf87040
19	eyJhbGciOiJIUzI1NiIsInR5cCI6IkpXVCJ9.eyJ0b2tlbl90eXBlIjoicmVmcmVzaCIsImV4cCI6MTY3MjgzMDQ2MiwianRpIjoiNWQ0NDRlNWExNjlmNDU0MmI3NTEwYzFjMzM0YmQ1NTEiLCJ1c2VyX2lkIjo0fQ.qjlHnL_CXWNHHHcGMkyH3OdkCZTXiRPZU7hjLF5ejKM	2023-01-03 11:07:42.109792+00	2023-01-04 11:07:42+00	4	5d444e5a169f4542b7510c1c334bd551
20	eyJhbGciOiJIUzI1NiIsInR5cCI6IkpXVCJ9.eyJ0b2tlbl90eXBlIjoicmVmcmVzaCIsImV4cCI6MTY3MjgzMDQ2MiwianRpIjoiMmRjNGUxOGY4ZTM1NGMyYTgxNzUwYTU1OWU1Njg3NDQiLCJ1c2VyX2lkIjo0fQ.bU3oc-M9ZGVq0YR-yNQsmK95PwivdPML-hTog8Yihlk	2023-01-03 11:07:42.794121+00	2023-01-04 11:07:42+00	4	2dc4e18f8e354c2a81750a559e568744
21	eyJhbGciOiJIUzI1NiIsInR5cCI6IkpXVCJ9.eyJ0b2tlbl90eXBlIjoicmVmcmVzaCIsImV4cCI6MTY3MjgzMDkxNSwianRpIjoiYzYxNjQyNWM5ZGZhNDg1NDg4ZmE2MjI2YjkwOTdhNWUiLCJ1c2VyX2lkIjo0fQ.Zy_fTa7pbOJhookti2jaTxVcbhOf-pmv1ity6vQHy_I	2023-01-03 11:15:15.244615+00	2023-01-04 11:15:15+00	4	c616425c9dfa485488fa6226b9097a5e
22	eyJhbGciOiJIUzI1NiIsInR5cCI6IkpXVCJ9.eyJ0b2tlbl90eXBlIjoicmVmcmVzaCIsImV4cCI6MTY3MjgzMDkxNSwianRpIjoiM2VjNjZjNzgzM2M0NDJhNjkxZjFiZTY2M2MyZTM0Y2EiLCJ1c2VyX2lkIjo0fQ.vfAy13ETvOkd4g92KLbvMVudDqrJXhfsqM4GYmAOLao	2023-01-03 11:15:15.923877+00	2023-01-04 11:15:15+00	4	3ec66c7833c442a691f1be663c2e34ca
23	eyJhbGciOiJIUzI1NiIsInR5cCI6IkpXVCJ9.eyJ0b2tlbl90eXBlIjoicmVmcmVzaCIsImV4cCI6MTY3MzUwNzgwNywianRpIjoiNzMyZGU3MmZiMTI3NDg5NmFkNzJmNGI4MTNkZGUzYWYiLCJ1c2VyX2lkIjoxfQ.-EQDAaODx8HLBuQADiH9_LIt2PC0W0wT-Sg2Q3rHdaE	2023-01-11 07:16:47.300674+00	2023-01-12 07:16:47+00	1	732de72fb1274896ad72f4b813dde3af
24	eyJhbGciOiJIUzI1NiIsInR5cCI6IkpXVCJ9.eyJ0b2tlbl90eXBlIjoicmVmcmVzaCIsImV4cCI6MTY3MzUwNzgwNywianRpIjoiMTUyZTI0NmJlOTg2NDRlOWI2ODhiM2VhY2JiNmZmZGQiLCJ1c2VyX2lkIjoxfQ.7ALINhIgeBuPSYGh6QeNvlnGfv2pHKpYrWVKZTa55lg	2023-01-11 07:16:47.930257+00	2023-01-12 07:16:47+00	1	152e246be98644e9b688b3eacbb6ffdd
25	eyJhbGciOiJIUzI1NiIsInR5cCI6IkpXVCJ9.eyJ0b2tlbl90eXBlIjoicmVmcmVzaCIsImV4cCI6MTY3Mzk1Njg4MywianRpIjoiYWY4NmFkYTBlYjExNDE1N2E2NDU2MDkwMTFhM2EzYmEiLCJ1c2VyX2lkIjoxfQ.efUKM2DGQVBMwFV7seinLRa5-f79I0Y0MD5cwm6JKwM	2023-01-16 12:01:23.408125+00	2023-01-17 12:01:23+00	1	af86ada0eb114157a645609011a3a3ba
26	eyJhbGciOiJIUzI1NiIsInR5cCI6IkpXVCJ9.eyJ0b2tlbl90eXBlIjoicmVmcmVzaCIsImV4cCI6MTY3Mzk1Njg4NCwianRpIjoiNDIxNGE3OTJiODQxNDk5Mzg2MzI4MGYyODAxMGY5ODQiLCJ1c2VyX2lkIjoxfQ.vw0CjnRP6LObe1gihiVh87c59lfTDg7PuyOkroQ_8Nk	2023-01-16 12:01:24.027903+00	2023-01-17 12:01:24+00	1	4214a792b8414993863280f28010f984
27	eyJhbGciOiJIUzI1NiIsInR5cCI6IkpXVCJ9.eyJ0b2tlbl90eXBlIjoicmVmcmVzaCIsImV4cCI6MTY3Mzk1Njk5OCwianRpIjoiZjE0OTMxZWUyZGRhNDNiNjg4ZTI2OTljM2QwODJlMzUiLCJ1c2VyX2lkIjo1fQ._-65-zI1eIokgSDeQ-te9onjaxXpHJpgqbs_v5D7Xt0	2023-01-16 12:03:18.672279+00	2023-01-17 12:03:18+00	5	f14931ee2dda43b688e2699c3d082e35
28	eyJhbGciOiJIUzI1NiIsInR5cCI6IkpXVCJ9.eyJ0b2tlbl90eXBlIjoicmVmcmVzaCIsImV4cCI6MTY3Mzk1Njk5OSwianRpIjoiYzljNzRiMDk3NWY4NDViMzg5YzY2YTM0OTMyNWNhYjIiLCJ1c2VyX2lkIjo1fQ._RFzeeAbUa-p3S2zorJlxz-A95xMSJK2MXUN31HWt9M	2023-01-16 12:03:19.300014+00	2023-01-17 12:03:19+00	5	c9c74b0975f845b389c66a349325cab2
29	eyJhbGciOiJIUzI1NiIsInR5cCI6IkpXVCJ9.eyJ0b2tlbl90eXBlIjoicmVmcmVzaCIsImV4cCI6MTY3Mzk2NTE1NywianRpIjoiNjdiMzQxNzNmMTgyNDZmZDk1NjQ0NzQ3NGM5ZDk2OTciLCJ1c2VyX2lkIjo1fQ.GUID7GQ7cojGTgenPIy6plGeDncD8JwupRwsBGMqweg	2023-01-16 14:19:17.258259+00	2023-01-17 14:19:17+00	5	67b34173f18246fd956447474c9d9697
30	eyJhbGciOiJIUzI1NiIsInR5cCI6IkpXVCJ9.eyJ0b2tlbl90eXBlIjoicmVmcmVzaCIsImV4cCI6MTY3Mzk2NTE1NywianRpIjoiMDgwY2U3MmIwZDBkNDk0Y2FjMDljMzI4NDQwZTIwM2YiLCJ1c2VyX2lkIjo1fQ.JG1ty4ejYBUh1yYHpIi0SybWh8F_wDVOYm6OY6A_DS0	2023-01-16 14:19:17.962938+00	2023-01-17 14:19:17+00	5	080ce72b0d0d494cac09c328440e203f
31	eyJhbGciOiJIUzI1NiIsInR5cCI6IkpXVCJ9.eyJ0b2tlbl90eXBlIjoicmVmcmVzaCIsImV4cCI6MTY3NDAyMDE3NywianRpIjoiODllY2E2OWQ2YTA3NDlkOGE5YmFhMGUxNjQ0NDE2MTEiLCJ1c2VyX2lkIjo1fQ.j4LijZ32flCPrS-3ek3fpX4ADlHpKkRAoxT6yzlcTMM	2023-01-17 05:36:17.082631+00	2023-01-18 05:36:17+00	5	89eca69d6a0749d8a9baa0e164441611
32	eyJhbGciOiJIUzI1NiIsInR5cCI6IkpXVCJ9.eyJ0b2tlbl90eXBlIjoicmVmcmVzaCIsImV4cCI6MTY3NDAyMDE3NywianRpIjoiMDUxZmVjMTU2ODA3NDAyOGExNmM0ZTQyNGM1MjNkNjUiLCJ1c2VyX2lkIjo1fQ._qiO8Wo_9z2nKDncXZ8VGvstqMokDuvehs3-SINTON0	2023-01-17 05:36:17.994551+00	2023-01-18 05:36:17+00	5	051fec1568074028a16c4e424c523d65
33	eyJhbGciOiJIUzI1NiIsInR5cCI6IkpXVCJ9.eyJ0b2tlbl90eXBlIjoicmVmcmVzaCIsImV4cCI6MTY3NDAyNDAzMCwianRpIjoiNmNhMjJmNTJmNjI0NGEzZGFiMGM3M2NiYjk0NTY2NjEiLCJ1c2VyX2lkIjoxfQ.phPFBqxt0d0wqm9D_RqpRn1VFcVH7gCfg2F60lECYuc	2023-01-17 06:40:30.839933+00	2023-01-18 06:40:30+00	1	6ca22f52f6244a3dab0c73cbb9456661
34	eyJhbGciOiJIUzI1NiIsInR5cCI6IkpXVCJ9.eyJ0b2tlbl90eXBlIjoicmVmcmVzaCIsImV4cCI6MTY3NDAyNDAzMSwianRpIjoiMjA1NjI0NzRlMTQ0NGRlNGI3NDBiZjdjZjU0NGE4ZmIiLCJ1c2VyX2lkIjoxfQ.J6hORN9VCyfxHf_RpnJlLKvtbGXm1tfJMtx10oFUnnY	2023-01-17 06:40:31.798515+00	2023-01-18 06:40:31+00	1	20562474e1444de4b740bf7cf544a8fb
35	eyJhbGciOiJIUzI1NiIsInR5cCI6IkpXVCJ9.eyJ0b2tlbl90eXBlIjoicmVmcmVzaCIsImV4cCI6MTY3NDExMTM0OCwianRpIjoiZjVkZDlmZTRlMWZmNDJkZTkwNDFlZmE5MjFhMzhjODAiLCJ1c2VyX2lkIjo1fQ.2VoO048F0FOCrVODUWgYnIX-5pOK_grxkvKv0xWZVA8	2023-01-18 06:55:48.052339+00	2023-01-19 06:55:48+00	5	f5dd9fe4e1ff42de9041efa921a38c80
36	eyJhbGciOiJIUzI1NiIsInR5cCI6IkpXVCJ9.eyJ0b2tlbl90eXBlIjoicmVmcmVzaCIsImV4cCI6MTY3NDExMTM0OCwianRpIjoiNmEyNTQ2YzdmNDViNDg1NjkwZTE2N2QxMTBjYmVjZmEiLCJ1c2VyX2lkIjo1fQ.sC12kDyssPa2crNsOtKqKalWLu916OzSQeQIMfA7Tng	2023-01-18 06:55:48.630327+00	2023-01-19 06:55:48+00	5	6a2546c7f45b485690e167d110cbecfa
37	eyJhbGciOiJIUzI1NiIsInR5cCI6IkpXVCJ9.eyJ0b2tlbl90eXBlIjoicmVmcmVzaCIsImV4cCI6MTY3NDIwNjQwNiwianRpIjoiMTdiMTliN2EzM2EyNGMxYTg0MmNmMjhhNWJjNDg0MTAiLCJ1c2VyX2lkIjoyfQ.FlGSo0TpsEJRLCXQHYR_OlvDdRI8zaa_6PItytEv3xU	2023-01-19 09:20:06.169646+00	2023-01-20 09:20:06+00	2	17b19b7a33a24c1a842cf28a5bc48410
38	eyJhbGciOiJIUzI1NiIsInR5cCI6IkpXVCJ9.eyJ0b2tlbl90eXBlIjoicmVmcmVzaCIsImV4cCI6MTY3NDIwNjQwNywianRpIjoiYjVhOGNlYjUzNjQ0NGU1ZmJmOGYxMmZjNDg0YzYwYTgiLCJ1c2VyX2lkIjoyfQ.SRbEDd_ih-MlSL7F8bzq18afEwn5fiQvR6CBdD13_iY	2023-01-19 09:20:07.0821+00	2023-01-20 09:20:07+00	2	b5a8ceb536444e5fbf8f12fc484c60a8
39	eyJhbGciOiJIUzI1NiIsInR5cCI6IkpXVCJ9.eyJ0b2tlbl90eXBlIjoicmVmcmVzaCIsImV4cCI6MTY3NDIxMDY0MywianRpIjoiNDI0NDMwNjQxZWMwNDg1NGJiMDEyNmI0ZmRiZjc3NjUiLCJ1c2VyX2lkIjoyfQ.4Knx0nDxyW4kU9umwPQOZRNgNyX-EsIB3jis5xP2L1Y	2023-01-19 10:30:43.5396+00	2023-01-20 10:30:43+00	2	424430641ec04854bb0126b4fdbf7765
40	eyJhbGciOiJIUzI1NiIsInR5cCI6IkpXVCJ9.eyJ0b2tlbl90eXBlIjoicmVmcmVzaCIsImV4cCI6MTY3NDIxMDY0MywianRpIjoiZGYxNWEwZmVmMDYzNDIyMmFiM2VmZTljZDJiNTI0MzEiLCJ1c2VyX2lkIjoyfQ.2o2P8Y5SxrJoxf27a6rfoS456vSfKBGv1TJOyzwNMA4	2023-01-19 10:30:43.84418+00	2023-01-20 10:30:43+00	2	df15a0fef0634222ab3efe9cd2b52431
41	eyJhbGciOiJIUzI1NiIsInR5cCI6IkpXVCJ9.eyJ0b2tlbl90eXBlIjoicmVmcmVzaCIsImV4cCI6MTY3NDIxMDkxNywianRpIjoiZmVmNjAzNjc0ZWU0NDgzZWEyMTZlYTllNDA1Y2YyYWIiLCJ1c2VyX2lkIjo1fQ.4aqtwTokoT0WBT5vWRQY2hg6BdVV2WqZ0N9bGdZ2z4U	2023-01-19 10:35:17.887837+00	2023-01-20 10:35:17+00	5	fef603674ee4483ea216ea9e405cf2ab
42	eyJhbGciOiJIUzI1NiIsInR5cCI6IkpXVCJ9.eyJ0b2tlbl90eXBlIjoicmVmcmVzaCIsImV4cCI6MTY3NDIxMDkxOCwianRpIjoiOTAyYWM1NjUyMThkNDc1Mzk5NTE1NzE5NzIyMDNjYzMiLCJ1c2VyX2lkIjo1fQ.QoTcUpFpJYqU8sC7tM8R24BbIZ0Rvs8iiLG3MfQR1M8	2023-01-19 10:35:18.940331+00	2023-01-20 10:35:18+00	5	902ac565218d47539951571972203cc3
43	eyJhbGciOiJIUzI1NiIsInR5cCI6IkpXVCJ9.eyJ0b2tlbl90eXBlIjoicmVmcmVzaCIsImV4cCI6MTY3NDI5NzUyNiwianRpIjoiMjg2MzViMWY2OTVjNGRmNTk4YzA0NTA0NmM0MjY3YzAiLCJ1c2VyX2lkIjoyfQ.eMCi2ed6QJXk2YXGoK-BPdFgFYMlIpSuKoKgUJB79hQ	2023-01-20 10:38:46.704918+00	2023-01-21 10:38:46+00	2	28635b1f695c4df598c045046c4267c0
44	eyJhbGciOiJIUzI1NiIsInR5cCI6IkpXVCJ9.eyJ0b2tlbl90eXBlIjoicmVmcmVzaCIsImV4cCI6MTY3NDI5NzUyNywianRpIjoiMzgzYzM4MTAxYWZhNDJmNDhhY2I1MzY4OWM1MGQwOTYiLCJ1c2VyX2lkIjoyfQ.4YsuPjn2ojNyu3ifibAwX4iFE9wIx7jMKRmRuAvzUN0	2023-01-20 10:38:47.454312+00	2023-01-21 10:38:47+00	2	383c38101afa42f48acb53689c50d096
45	eyJhbGciOiJIUzI1NiIsInR5cCI6IkpXVCJ9.eyJ0b2tlbl90eXBlIjoicmVmcmVzaCIsImV4cCI6MTY3NDMwMjUyMiwianRpIjoiMTYzNjNmZDljYTNmNDY4Y2E0ZWEyMGNhZmEwYzEyYWIiLCJ1c2VyX2lkIjoyfQ.PC8Iudi3VwZWk4jNX8qx3Vbtj2uYNZl_FWGJ2aUSsAY	2023-01-20 12:02:02.899464+00	2023-01-21 12:02:02+00	2	16363fd9ca3f468ca4ea20cafa0c12ab
46	eyJhbGciOiJIUzI1NiIsInR5cCI6IkpXVCJ9.eyJ0b2tlbl90eXBlIjoicmVmcmVzaCIsImV4cCI6MTY3NDMwMjUyMywianRpIjoiN2IwOTY5ZjUwZTNmNDViYWEzN2YyOWUzOTYxOGJjZDQiLCJ1c2VyX2lkIjoyfQ.IcFo06UelmtVbzij5949Kesf7xx41mYzbWfqgJKd_G4	2023-01-20 12:02:03.520571+00	2023-01-21 12:02:03+00	2	7b0969f50e3f45baa37f29e39618bcd4
47	eyJhbGciOiJIUzI1NiIsInR5cCI6IkpXVCJ9.eyJ0b2tlbl90eXBlIjoicmVmcmVzaCIsImV4cCI6MTY3NDMwMjU5NiwianRpIjoiZDliM2VlMGM0MWNlNDFmMjliMzhmM2MwNTM5NGVhYmIiLCJ1c2VyX2lkIjoyfQ.aKFv9NFvsyjzIOaS7hid_elhFjUZkMkGmwaJ0d63RaI	2023-01-20 12:03:16.932647+00	2023-01-21 12:03:16+00	2	d9b3ee0c41ce41f29b38f3c05394eabb
48	eyJhbGciOiJIUzI1NiIsInR5cCI6IkpXVCJ9.eyJ0b2tlbl90eXBlIjoicmVmcmVzaCIsImV4cCI6MTY3NDMwMjU5NywianRpIjoiZjhiYzBmZDVmZGJiNDc0MTgxZTdlNDlkMGIyMmYxZTgiLCJ1c2VyX2lkIjoyfQ.agk4RhnnXyYmvFAdwQHS_BWqRdEQLHQfbv5oupY2Fhk	2023-01-20 12:03:17.583813+00	2023-01-21 12:03:17+00	2	f8bc0fd5fdbb474181e7e49d0b22f1e8
51	eyJhbGciOiJIUzI1NiIsInR5cCI6IkpXVCJ9.eyJ0b2tlbl90eXBlIjoicmVmcmVzaCIsImV4cCI6MTY3NDYzODE5OSwianRpIjoiZTQ1MTIyYjkzZmRhNDQ1ODk5YjU4NjFhYjNkMDczZTgiLCJ1c2VyX2lkIjoxfQ.Q0gjz_oIbojeWEEeGmBBT0exEn-OkHp7eO9vdMBOYWA	2023-01-24 09:16:39.487618+00	2023-01-25 09:16:39+00	1	e45122b93fda445899b5861ab3d073e8
52	eyJhbGciOiJIUzI1NiIsInR5cCI6IkpXVCJ9.eyJ0b2tlbl90eXBlIjoicmVmcmVzaCIsImV4cCI6MTY3NDYzODIwMCwianRpIjoiOTgxZjE0MTJhYjY0NGQzOGI4OWRlYTZiNGU0NmEwMTgiLCJ1c2VyX2lkIjoxfQ.JyOtCmlvQblITQzjpQunBOXGzinfIcPw59MkGki5Wys	2023-01-24 09:16:40.135812+00	2023-01-25 09:16:40+00	1	981f1412ab644d38b89dea6b4e46a018
53	eyJhbGciOiJIUzI1NiIsInR5cCI6IkpXVCJ9.eyJ0b2tlbl90eXBlIjoicmVmcmVzaCIsImV4cCI6MTY3NDYzODQ2MiwianRpIjoiYWE1YTA1Mzc2ZDA1NGMwZjk0NjQ3MjdjNWU4M2Y2MWQiLCJ1c2VyX2lkIjoyfQ.YymhRkGsqU-Ci7E_DNH6t8Rgl0tRcpjvLM-X_6wksII	2023-01-24 09:21:02.896715+00	2023-01-25 09:21:02+00	2	aa5a05376d054c0f9464727c5e83f61d
54	eyJhbGciOiJIUzI1NiIsInR5cCI6IkpXVCJ9.eyJ0b2tlbl90eXBlIjoicmVmcmVzaCIsImV4cCI6MTY3NDYzODQ2MywianRpIjoiZTEzMWE2ZWIyOGJmNDM5NmEzNmM5NGVlZWNmOTk5ZjMiLCJ1c2VyX2lkIjoyfQ.DVbYMAQ0HSOELIhT_FbTF65p2_EOlSzBTxPlnwVp_KI	2023-01-24 09:21:03.745652+00	2023-01-25 09:21:03+00	2	e131a6eb28bf4396a36c94eeecf999f3
57	eyJhbGciOiJIUzI1NiIsInR5cCI6IkpXVCJ9.eyJ0b2tlbl90eXBlIjoicmVmcmVzaCIsImV4cCI6MTY3NDY0MjI1MywianRpIjoiMmMxN2IwMGMwNWZmNDQ0ZGEyYzc3MGNiMDFlZGExZDkiLCJ1c2VyX2lkIjoyfQ.WpoYfIinaqRjWLK8WB5ufLoiPA2hGi2Zs4cj5r5Ziww	2023-01-24 10:24:13.225151+00	2023-01-25 10:24:13+00	2	2c17b00c05ff444da2c770cb01eda1d9
58	eyJhbGciOiJIUzI1NiIsInR5cCI6IkpXVCJ9.eyJ0b2tlbl90eXBlIjoicmVmcmVzaCIsImV4cCI6MTY3NDY0MjI1MywianRpIjoiZWEzZTZlOTc4NGExNDg1MWFmNjYxOTMwY2U0M2VjNmUiLCJ1c2VyX2lkIjoyfQ.hOL6EQkRkr_vF_-e8NnUcRkHKMPQSt4ivfhFzz0G2HM	2023-01-24 10:24:13.544946+00	2023-01-25 10:24:13+00	2	ea3e6e9784a14851af661930ce43ec6e
61	eyJhbGciOiJIUzI1NiIsInR5cCI6IkpXVCJ9.eyJ0b2tlbl90eXBlIjoicmVmcmVzaCIsImV4cCI6MTY3NDcxMjYxMCwianRpIjoiNDc1NTg5ODkxNmM5NDY1YmJlYzFjOGRhM2I0OGJjOWQiLCJ1c2VyX2lkIjoyfQ.PEZ22mbNNRx3GR_QUt92AsLHAGeY93m_dwSE2cwRLj4	2023-01-25 05:56:50.925614+00	2023-01-26 05:56:50+00	2	4755898916c9465bbec1c8da3b48bc9d
62	eyJhbGciOiJIUzI1NiIsInR5cCI6IkpXVCJ9.eyJ0b2tlbl90eXBlIjoicmVmcmVzaCIsImV4cCI6MTY3NDcxMjYxMSwianRpIjoiYjAwMTE3ODI5ZWI3NGRkOGFkZjBkNWU1M2RmMzIyMTYiLCJ1c2VyX2lkIjoyfQ.pmmFWT4Bmilt3TwFh794pCEAUh1TL3bLzH5IMZIUB4Y	2023-01-25 05:56:51.556668+00	2023-01-26 05:56:51+00	2	b00117829eb74dd8adf0d5e53df32216
63	eyJhbGciOiJIUzI1NiIsInR5cCI6IkpXVCJ9.eyJ0b2tlbl90eXBlIjoicmVmcmVzaCIsImV4cCI6MTY3NDcyNTMyNiwianRpIjoiMzhkYzg1NWZlMGY5NGY3NDg5MzRlOGMwODY0NTkzYjUiLCJ1c2VyX2lkIjoyfQ.IBpyK7AxMVvA_AsYNLSoNGPVnM3RRF4rUgyE-shpfIs	2023-01-25 09:28:46.005747+00	2023-01-26 09:28:46+00	2	38dc855fe0f94f748934e8c0864593b5
64	eyJhbGciOiJIUzI1NiIsInR5cCI6IkpXVCJ9.eyJ0b2tlbl90eXBlIjoicmVmcmVzaCIsImV4cCI6MTY3NDcyNTMyNiwianRpIjoiN2NkMThiMjFmNTliNDM0Nzg5NjRmNjk5NDJlNTdjNjUiLCJ1c2VyX2lkIjoyfQ.0S-gLbGcXKWLd9_AmV2Llkw72CzeYpkN4zBu-pZfB9k	2023-01-25 09:28:46.808537+00	2023-01-26 09:28:46+00	2	7cd18b21f59b43478964f69942e57c65
65	eyJhbGciOiJIUzI1NiIsInR5cCI6IkpXVCJ9.eyJ0b2tlbl90eXBlIjoicmVmcmVzaCIsImV4cCI6MTY3NDcyNjk1NywianRpIjoiMjI5NDY4MTQ5ODk2NDkwM2FmYzNlMGMyODI3M2M4YmIiLCJ1c2VyX2lkIjoyMH0.-xoBUmRdL_cUE3vAp1BSCi3gOX453xpfxWXv1LZjias	2023-01-25 09:55:57.635129+00	2023-01-26 09:55:57+00	20	2294681498964903afc3e0c28273c8bb
66	eyJhbGciOiJIUzI1NiIsInR5cCI6IkpXVCJ9.eyJ0b2tlbl90eXBlIjoicmVmcmVzaCIsImV4cCI6MTY3NDcyNjk1OCwianRpIjoiNzkxZGU5NjcxMGM2NDFkMmJmNGU1M2Y1ZDA0ZWM5MDAiLCJ1c2VyX2lkIjoyMH0.DsZp5yopGEXDAwBcEEnHc1z5ZyyN_vz-HckIGmPeX9M	2023-01-25 09:55:58.307198+00	2023-01-26 09:55:58+00	20	791de96710c641d2bf4e53f5d04ec900
67	eyJhbGciOiJIUzI1NiIsInR5cCI6IkpXVCJ9.eyJ0b2tlbl90eXBlIjoicmVmcmVzaCIsImV4cCI6MTY3NDcyNzA1NCwianRpIjoiMzg4ODU1NmYyMDQzNDdhMThkNGU4MTI0MDY5MmE3NWUiLCJ1c2VyX2lkIjoyfQ.kGIi3k4xFEv9hWVZLhNO--BmqQDY1hgw8XbXQ0SrGls	2023-01-25 09:57:34.245289+00	2023-01-26 09:57:34+00	2	3888556f204347a18d4e81240692a75e
68	eyJhbGciOiJIUzI1NiIsInR5cCI6IkpXVCJ9.eyJ0b2tlbl90eXBlIjoicmVmcmVzaCIsImV4cCI6MTY3NDcyNzA1NCwianRpIjoiZmRkZjI3NTJmNjkxNDRhMTllNWRlOGI2MGZkMTcxNzgiLCJ1c2VyX2lkIjoyfQ.kqXfxXjoCzZO6d-RSNOOqWDSctv4D8MD6TeeOCwT9ig	2023-01-25 09:57:34.861291+00	2023-01-26 09:57:34+00	2	fddf2752f69144a19e5de8b60fd17178
69	eyJhbGciOiJIUzI1NiIsInR5cCI6IkpXVCJ9.eyJ0b2tlbl90eXBlIjoicmVmcmVzaCIsImV4cCI6MTY3NDcyNzExMSwianRpIjoiMmQ4Y2Q0NjYwYjY5NDgwZmIzMDA1MGFkYjkxZjZjZjQiLCJ1c2VyX2lkIjozMn0.pO3zAEsCiUB0p7-MG6ZT6Pe7chf0xvProW8vmKEBc2E	2023-01-25 09:58:31.086537+00	2023-01-26 09:58:31+00	32	2d8cd4660b69480fb30050adb91f6cf4
70	eyJhbGciOiJIUzI1NiIsInR5cCI6IkpXVCJ9.eyJ0b2tlbl90eXBlIjoicmVmcmVzaCIsImV4cCI6MTY3NDcyNzExMSwianRpIjoiNmJlZjAzZTM4MzJlNDY5Yzg4NTA5NGJlZTA1YjZjMzQiLCJ1c2VyX2lkIjozMn0.DV2nJKaBtwxEApDk5CChr2ncuQm9ABdgikD8I64PfmI	2023-01-25 09:58:31.857568+00	2023-01-26 09:58:31+00	32	6bef03e3832e469c885094bee05b6c34
71	eyJhbGciOiJIUzI1NiIsInR5cCI6IkpXVCJ9.eyJ0b2tlbl90eXBlIjoicmVmcmVzaCIsImV4cCI6MTY3NDczNDM5MCwianRpIjoiZDBkYmUwOTlkMzM0NDIwZjg4ZWM1N2Q0MTFkYjJkMWUiLCJ1c2VyX2lkIjoyfQ.vWFMlvL6okal587V3Dlf1q3UOaaNucbWEs-HwQp1t88	2023-01-25 11:59:50.042498+00	2023-01-26 11:59:50+00	2	d0dbe099d334420f88ec57d411db2d1e
72	eyJhbGciOiJIUzI1NiIsInR5cCI6IkpXVCJ9.eyJ0b2tlbl90eXBlIjoicmVmcmVzaCIsImV4cCI6MTY3NDczNDM5MCwianRpIjoiN2U4MWJhOGEzOTkyNGU2YTgxNDkyMTlmMTcxYTRiMDEiLCJ1c2VyX2lkIjoyfQ.fo6Rd6GX7YjA0_ClsgrKisrfBTuLMY43XcjJ2EQIr18	2023-01-25 11:59:50.405163+00	2023-01-26 11:59:50+00	2	7e81ba8a39924e6a8149219f171a4b01
73	eyJhbGciOiJIUzI1NiIsInR5cCI6IkpXVCJ9.eyJ0b2tlbl90eXBlIjoicmVmcmVzaCIsImV4cCI6MTY3NDczNTAyOSwianRpIjoiNGNlZDFkNWYxZGZjNGJhZWFjMjcwMDU4YTc0OGRlNWIiLCJ1c2VyX2lkIjoxfQ.CMUymAXU76IYCi8RXUjZLHVaM0d2SqB7mi0xqcMfKdU	2023-01-25 12:10:29.987696+00	2023-01-26 12:10:29+00	1	4ced1d5f1dfc4baeac270058a748de5b
74	eyJhbGciOiJIUzI1NiIsInR5cCI6IkpXVCJ9.eyJ0b2tlbl90eXBlIjoicmVmcmVzaCIsImV4cCI6MTY3NDczNTAzMCwianRpIjoiOWFhYjgwNDJjNjEzNDEwZWEyNTg3OWI4ODlkODFlZGMiLCJ1c2VyX2lkIjoxfQ.5RDQdSTtNglfL3LJfvMzZV_4ST1wFtN7DrhHhDeWi-E	2023-01-25 12:10:30.801346+00	2023-01-26 12:10:30+00	1	9aab8042c613410ea25879b889d81edc
75	eyJhbGciOiJIUzI1NiIsInR5cCI6IkpXVCJ9.eyJ0b2tlbl90eXBlIjoicmVmcmVzaCIsImV4cCI6MTY3NDczNTEyNCwianRpIjoiYjIwNmNhNmFlNDdjNDU3ZjljZTBkMmNjMWZhMDZiN2MiLCJ1c2VyX2lkIjoyfQ.-xYHkDzmz6mR76QClsEemm3ivYx35-_L1qbPRevWyRE	2023-01-25 12:12:04.591723+00	2023-01-26 12:12:04+00	2	b206ca6ae47c457f9ce0d2cc1fa06b7c
76	eyJhbGciOiJIUzI1NiIsInR5cCI6IkpXVCJ9.eyJ0b2tlbl90eXBlIjoicmVmcmVzaCIsImV4cCI6MTY3NDczNTEyNSwianRpIjoiNGRjYjE0MGI2YzE1NDllOTk4OGVhOTVkMTE3N2NhMzQiLCJ1c2VyX2lkIjoyfQ.dEnzO6Sw7-3k_X-q_tYDSkua66Dt9Bx-RCTSGgmWkKo	2023-01-25 12:12:05.386033+00	2023-01-26 12:12:05+00	2	4dcb140b6c1549e9988ea95d1177ca34
77	eyJhbGciOiJIUzI1NiIsInR5cCI6IkpXVCJ9.eyJ0b2tlbl90eXBlIjoicmVmcmVzaCIsImV4cCI6MTY3NDgwMzM4NSwianRpIjoiMTEzZjhhNTZjNjg1NDRkNmFkNjU2ODQ3MDM2ZDFlY2EiLCJ1c2VyX2lkIjoyfQ.mmY8ijOBw7C_Z_ItU0lHpk3FaQXb-WnkzeaUI2q65TQ	2023-01-26 07:09:45.27035+00	2023-01-27 07:09:45+00	2	113f8a56c68544d6ad656847036d1eca
78	eyJhbGciOiJIUzI1NiIsInR5cCI6IkpXVCJ9.eyJ0b2tlbl90eXBlIjoicmVmcmVzaCIsImV4cCI6MTY3NDgwMzM4NSwianRpIjoiYTZlNzFhNmVhMzhlNDlmZDk0ZmZiNTIzMDM3OTBhZTkiLCJ1c2VyX2lkIjoyfQ.PG3qy5X1DOb1J8ejNvT7stqVXcm2D8ftp-QceXb1D_I	2023-01-26 07:09:45.892412+00	2023-01-27 07:09:45+00	2	a6e71a6ea38e49fd94ffb52303790ae9
\.


--
-- Name: auth_group_id_seq; Type: SEQUENCE SET; Schema: public; Owner: sfproa
--

SELECT pg_catalog.setval('public.auth_group_id_seq', 1, false);


--
-- Name: auth_group_permissions_id_seq; Type: SEQUENCE SET; Schema: public; Owner: sfproa
--

SELECT pg_catalog.setval('public.auth_group_permissions_id_seq', 1, false);


--
-- Name: auth_permission_id_seq; Type: SEQUENCE SET; Schema: public; Owner: sfproa
--

SELECT pg_catalog.setval('public.auth_permission_id_seq', 80, true);


--
-- Name: data_assuranceinvestment_id_seq; Type: SEQUENCE SET; Schema: public; Owner: sfproa
--

SELECT pg_catalog.setval('public.data_assuranceinvestment_id_seq', 2, true);


--
-- Name: data_assurancerisk_id_seq; Type: SEQUENCE SET; Schema: public; Owner: sfproa
--

SELECT pg_catalog.setval('public.data_assurancerisk_id_seq', 2, true);


--
-- Name: data_employeebenefits_id_seq; Type: SEQUENCE SET; Schema: public; Owner: sfproa
--

SELECT pg_catalog.setval('public.data_employeebenefits_id_seq', 2, true);


--
-- Name: data_fiduciary_id_seq; Type: SEQUENCE SET; Schema: public; Owner: sfproa
--

SELECT pg_catalog.setval('public.data_fiduciary_id_seq', 1, false);


--
-- Name: data_form_id_seq; Type: SEQUENCE SET; Schema: public; Owner: sfproa
--

SELECT pg_catalog.setval('public.data_form_id_seq', 4, true);


--
-- Name: data_gapcover_id_seq; Type: SEQUENCE SET; Schema: public; Owner: sfproa
--

SELECT pg_catalog.setval('public.data_gapcover_id_seq', 2, true);


--
-- Name: data_investmentplanning_id_seq; Type: SEQUENCE SET; Schema: public; Owner: sfproa
--

SELECT pg_catalog.setval('public.data_investmentplanning_id_seq', 2, true);


--
-- Name: data_riskplanning_id_seq; Type: SEQUENCE SET; Schema: public; Owner: sfproa
--

SELECT pg_catalog.setval('public.data_riskplanning_id_seq', 2, true);


--
-- Name: data_shortterminsurancecommerical_id_seq; Type: SEQUENCE SET; Schema: public; Owner: sfproa
--

SELECT pg_catalog.setval('public.data_shortterminsurancecommerical_id_seq', 2, true);


--
-- Name: data_shortterminsurancepersonal_id_seq; Type: SEQUENCE SET; Schema: public; Owner: sfproa
--

SELECT pg_catalog.setval('public.data_shortterminsurancepersonal_id_seq', 2, true);


--
-- Name: data_useraccount_groups_id_seq; Type: SEQUENCE SET; Schema: public; Owner: sfproa
--

SELECT pg_catalog.setval('public.data_useraccount_groups_id_seq', 1, false);


--
-- Name: data_useraccount_id_seq; Type: SEQUENCE SET; Schema: public; Owner: sfproa
--

SELECT pg_catalog.setval('public.data_useraccount_id_seq', 32, true);


--
-- Name: data_useraccount_user_permissions_id_seq; Type: SEQUENCE SET; Schema: public; Owner: sfproa
--

SELECT pg_catalog.setval('public.data_useraccount_user_permissions_id_seq', 1, false);


--
-- Name: django_admin_log_id_seq; Type: SEQUENCE SET; Schema: public; Owner: sfproa
--

SELECT pg_catalog.setval('public.django_admin_log_id_seq', 1, false);


--
-- Name: django_content_type_id_seq; Type: SEQUENCE SET; Schema: public; Owner: sfproa
--

SELECT pg_catalog.setval('public.django_content_type_id_seq', 20, true);


--
-- Name: django_migrations_id_seq; Type: SEQUENCE SET; Schema: public; Owner: sfproa
--

SELECT pg_catalog.setval('public.django_migrations_id_seq', 85, true);


--
-- Name: token_blacklist_blacklistedtoken_id_seq; Type: SEQUENCE SET; Schema: public; Owner: sfproa
--

SELECT pg_catalog.setval('public.token_blacklist_blacklistedtoken_id_seq', 1, false);


--
-- Name: token_blacklist_outstandingtoken_id_seq; Type: SEQUENCE SET; Schema: public; Owner: sfproa
--

SELECT pg_catalog.setval('public.token_blacklist_outstandingtoken_id_seq', 78, true);


--
-- Name: auth_group auth_group_name_key; Type: CONSTRAINT; Schema: public; Owner: sfproa
--

ALTER TABLE ONLY public.auth_group
    ADD CONSTRAINT auth_group_name_key UNIQUE (name);


--
-- Name: auth_group_permissions auth_group_permissions_group_id_permission_id_0cd325b0_uniq; Type: CONSTRAINT; Schema: public; Owner: sfproa
--

ALTER TABLE ONLY public.auth_group_permissions
    ADD CONSTRAINT auth_group_permissions_group_id_permission_id_0cd325b0_uniq UNIQUE (group_id, permission_id);


--
-- Name: auth_group_permissions auth_group_permissions_pkey; Type: CONSTRAINT; Schema: public; Owner: sfproa
--

ALTER TABLE ONLY public.auth_group_permissions
    ADD CONSTRAINT auth_group_permissions_pkey PRIMARY KEY (id);


--
-- Name: auth_group auth_group_pkey; Type: CONSTRAINT; Schema: public; Owner: sfproa
--

ALTER TABLE ONLY public.auth_group
    ADD CONSTRAINT auth_group_pkey PRIMARY KEY (id);


--
-- Name: auth_permission auth_permission_content_type_id_codename_01ab375a_uniq; Type: CONSTRAINT; Schema: public; Owner: sfproa
--

ALTER TABLE ONLY public.auth_permission
    ADD CONSTRAINT auth_permission_content_type_id_codename_01ab375a_uniq UNIQUE (content_type_id, codename);


--
-- Name: auth_permission auth_permission_pkey; Type: CONSTRAINT; Schema: public; Owner: sfproa
--

ALTER TABLE ONLY public.auth_permission
    ADD CONSTRAINT auth_permission_pkey PRIMARY KEY (id);


--
-- Name: authtoken_token authtoken_token_pkey; Type: CONSTRAINT; Schema: public; Owner: sfproa
--

ALTER TABLE ONLY public.authtoken_token
    ADD CONSTRAINT authtoken_token_pkey PRIMARY KEY (key);


--
-- Name: authtoken_token authtoken_token_user_id_key; Type: CONSTRAINT; Schema: public; Owner: sfproa
--

ALTER TABLE ONLY public.authtoken_token
    ADD CONSTRAINT authtoken_token_user_id_key UNIQUE (user_id);


--
-- Name: data_assuranceinvestment data_assuranceinvestment_pkey; Type: CONSTRAINT; Schema: public; Owner: sfproa
--

ALTER TABLE ONLY public.data_assuranceinvestment
    ADD CONSTRAINT data_assuranceinvestment_pkey PRIMARY KEY (id);


--
-- Name: data_assurancerisk data_assurancerisk_pkey; Type: CONSTRAINT; Schema: public; Owner: sfproa
--

ALTER TABLE ONLY public.data_assurancerisk
    ADD CONSTRAINT data_assurancerisk_pkey PRIMARY KEY (id);


--
-- Name: data_employeebenefits data_employeebenefits_pkey; Type: CONSTRAINT; Schema: public; Owner: sfproa
--

ALTER TABLE ONLY public.data_employeebenefits
    ADD CONSTRAINT data_employeebenefits_pkey PRIMARY KEY (id);


--
-- Name: data_fiduciary data_fiduciary_pkey; Type: CONSTRAINT; Schema: public; Owner: sfproa
--

ALTER TABLE ONLY public.data_fiduciary
    ADD CONSTRAINT data_fiduciary_pkey PRIMARY KEY (id);


--
-- Name: data_form data_form_pkey; Type: CONSTRAINT; Schema: public; Owner: sfproa
--

ALTER TABLE ONLY public.data_form
    ADD CONSTRAINT data_form_pkey PRIMARY KEY (id);


--
-- Name: data_gapcover data_gapcover_pkey; Type: CONSTRAINT; Schema: public; Owner: sfproa
--

ALTER TABLE ONLY public.data_gapcover
    ADD CONSTRAINT data_gapcover_pkey PRIMARY KEY (id);


--
-- Name: data_investmentplanning data_investmentplanning_pkey; Type: CONSTRAINT; Schema: public; Owner: sfproa
--

ALTER TABLE ONLY public.data_investmentplanning
    ADD CONSTRAINT data_investmentplanning_pkey PRIMARY KEY (id);


--
-- Name: data_riskplanning data_riskplanning_pkey; Type: CONSTRAINT; Schema: public; Owner: sfproa
--

ALTER TABLE ONLY public.data_riskplanning
    ADD CONSTRAINT data_riskplanning_pkey PRIMARY KEY (id);


--
-- Name: data_shortterminsurancecommerical data_shortterminsurancecommerical_pkey; Type: CONSTRAINT; Schema: public; Owner: sfproa
--

ALTER TABLE ONLY public.data_shortterminsurancecommerical
    ADD CONSTRAINT data_shortterminsurancecommerical_pkey PRIMARY KEY (id);


--
-- Name: data_shortterminsurancepersonal data_shortterminsurancepersonal_pkey; Type: CONSTRAINT; Schema: public; Owner: sfproa
--

ALTER TABLE ONLY public.data_shortterminsurancepersonal
    ADD CONSTRAINT data_shortterminsurancepersonal_pkey PRIMARY KEY (id);


--
-- Name: data_useraccount data_useraccount_email_key; Type: CONSTRAINT; Schema: public; Owner: sfproa
--

ALTER TABLE ONLY public.data_useraccount
    ADD CONSTRAINT data_useraccount_email_key UNIQUE (email);


--
-- Name: data_useraccount_groups data_useraccount_groups_pkey; Type: CONSTRAINT; Schema: public; Owner: sfproa
--

ALTER TABLE ONLY public.data_useraccount_groups
    ADD CONSTRAINT data_useraccount_groups_pkey PRIMARY KEY (id);


--
-- Name: data_useraccount_groups data_useraccount_groups_useraccount_id_group_id_0581db49_uniq; Type: CONSTRAINT; Schema: public; Owner: sfproa
--

ALTER TABLE ONLY public.data_useraccount_groups
    ADD CONSTRAINT data_useraccount_groups_useraccount_id_group_id_0581db49_uniq UNIQUE (useraccount_id, group_id);


--
-- Name: data_useraccount data_useraccount_pkey; Type: CONSTRAINT; Schema: public; Owner: sfproa
--

ALTER TABLE ONLY public.data_useraccount
    ADD CONSTRAINT data_useraccount_pkey PRIMARY KEY (id);


--
-- Name: data_useraccount_user_permissions data_useraccount_user_pe_useraccount_id_permissio_6784a926_uniq; Type: CONSTRAINT; Schema: public; Owner: sfproa
--

ALTER TABLE ONLY public.data_useraccount_user_permissions
    ADD CONSTRAINT data_useraccount_user_pe_useraccount_id_permissio_6784a926_uniq UNIQUE (useraccount_id, permission_id);


--
-- Name: data_useraccount_user_permissions data_useraccount_user_permissions_pkey; Type: CONSTRAINT; Schema: public; Owner: sfproa
--

ALTER TABLE ONLY public.data_useraccount_user_permissions
    ADD CONSTRAINT data_useraccount_user_permissions_pkey PRIMARY KEY (id);


--
-- Name: data_useraccount data_useraccount_username_key; Type: CONSTRAINT; Schema: public; Owner: sfproa
--

ALTER TABLE ONLY public.data_useraccount
    ADD CONSTRAINT data_useraccount_username_key UNIQUE (username);


--
-- Name: django_admin_log django_admin_log_pkey; Type: CONSTRAINT; Schema: public; Owner: sfproa
--

ALTER TABLE ONLY public.django_admin_log
    ADD CONSTRAINT django_admin_log_pkey PRIMARY KEY (id);


--
-- Name: django_content_type django_content_type_app_label_model_76bd3d3b_uniq; Type: CONSTRAINT; Schema: public; Owner: sfproa
--

ALTER TABLE ONLY public.django_content_type
    ADD CONSTRAINT django_content_type_app_label_model_76bd3d3b_uniq UNIQUE (app_label, model);


--
-- Name: django_content_type django_content_type_pkey; Type: CONSTRAINT; Schema: public; Owner: sfproa
--

ALTER TABLE ONLY public.django_content_type
    ADD CONSTRAINT django_content_type_pkey PRIMARY KEY (id);


--
-- Name: django_migrations django_migrations_pkey; Type: CONSTRAINT; Schema: public; Owner: sfproa
--

ALTER TABLE ONLY public.django_migrations
    ADD CONSTRAINT django_migrations_pkey PRIMARY KEY (id);


--
-- Name: django_session django_session_pkey; Type: CONSTRAINT; Schema: public; Owner: sfproa
--

ALTER TABLE ONLY public.django_session
    ADD CONSTRAINT django_session_pkey PRIMARY KEY (session_key);


--
-- Name: token_blacklist_blacklistedtoken token_blacklist_blacklistedtoken_pkey; Type: CONSTRAINT; Schema: public; Owner: sfproa
--

ALTER TABLE ONLY public.token_blacklist_blacklistedtoken
    ADD CONSTRAINT token_blacklist_blacklistedtoken_pkey PRIMARY KEY (id);


--
-- Name: token_blacklist_blacklistedtoken token_blacklist_blacklistedtoken_token_id_key; Type: CONSTRAINT; Schema: public; Owner: sfproa
--

ALTER TABLE ONLY public.token_blacklist_blacklistedtoken
    ADD CONSTRAINT token_blacklist_blacklistedtoken_token_id_key UNIQUE (token_id);


--
-- Name: token_blacklist_outstandingtoken token_blacklist_outstandingtoken_jti_hex_d9bdf6f7_uniq; Type: CONSTRAINT; Schema: public; Owner: sfproa
--

ALTER TABLE ONLY public.token_blacklist_outstandingtoken
    ADD CONSTRAINT token_blacklist_outstandingtoken_jti_hex_d9bdf6f7_uniq UNIQUE (jti);


--
-- Name: token_blacklist_outstandingtoken token_blacklist_outstandingtoken_pkey; Type: CONSTRAINT; Schema: public; Owner: sfproa
--

ALTER TABLE ONLY public.token_blacklist_outstandingtoken
    ADD CONSTRAINT token_blacklist_outstandingtoken_pkey PRIMARY KEY (id);


--
-- Name: auth_group_name_a6ea08ec_like; Type: INDEX; Schema: public; Owner: sfproa
--

CREATE INDEX auth_group_name_a6ea08ec_like ON public.auth_group USING btree (name varchar_pattern_ops);


--
-- Name: auth_group_permissions_group_id_b120cbf9; Type: INDEX; Schema: public; Owner: sfproa
--

CREATE INDEX auth_group_permissions_group_id_b120cbf9 ON public.auth_group_permissions USING btree (group_id);


--
-- Name: auth_group_permissions_permission_id_84c5c92e; Type: INDEX; Schema: public; Owner: sfproa
--

CREATE INDEX auth_group_permissions_permission_id_84c5c92e ON public.auth_group_permissions USING btree (permission_id);


--
-- Name: auth_permission_content_type_id_2f476e4b; Type: INDEX; Schema: public; Owner: sfproa
--

CREATE INDEX auth_permission_content_type_id_2f476e4b ON public.auth_permission USING btree (content_type_id);


--
-- Name: authtoken_token_key_10f0b77e_like; Type: INDEX; Schema: public; Owner: sfproa
--

CREATE INDEX authtoken_token_key_10f0b77e_like ON public.authtoken_token USING btree (key varchar_pattern_ops);


--
-- Name: data_useraccount_email_6c0b0e6f_like; Type: INDEX; Schema: public; Owner: sfproa
--

CREATE INDEX data_useraccount_email_6c0b0e6f_like ON public.data_useraccount USING btree (email varchar_pattern_ops);


--
-- Name: data_useraccount_groups_group_id_575e563c; Type: INDEX; Schema: public; Owner: sfproa
--

CREATE INDEX data_useraccount_groups_group_id_575e563c ON public.data_useraccount_groups USING btree (group_id);


--
-- Name: data_useraccount_groups_useraccount_id_5071a3b3; Type: INDEX; Schema: public; Owner: sfproa
--

CREATE INDEX data_useraccount_groups_useraccount_id_5071a3b3 ON public.data_useraccount_groups USING btree (useraccount_id);


--
-- Name: data_useraccount_user_permissions_permission_id_e7f31ee9; Type: INDEX; Schema: public; Owner: sfproa
--

CREATE INDEX data_useraccount_user_permissions_permission_id_e7f31ee9 ON public.data_useraccount_user_permissions USING btree (permission_id);


--
-- Name: data_useraccount_user_permissions_useraccount_id_1a0d0ad3; Type: INDEX; Schema: public; Owner: sfproa
--

CREATE INDEX data_useraccount_user_permissions_useraccount_id_1a0d0ad3 ON public.data_useraccount_user_permissions USING btree (useraccount_id);


--
-- Name: data_useraccount_username_5f704210_like; Type: INDEX; Schema: public; Owner: sfproa
--

CREATE INDEX data_useraccount_username_5f704210_like ON public.data_useraccount USING btree (username varchar_pattern_ops);


--
-- Name: django_admin_log_content_type_id_c4bce8eb; Type: INDEX; Schema: public; Owner: sfproa
--

CREATE INDEX django_admin_log_content_type_id_c4bce8eb ON public.django_admin_log USING btree (content_type_id);


--
-- Name: django_admin_log_user_id_c564eba6; Type: INDEX; Schema: public; Owner: sfproa
--

CREATE INDEX django_admin_log_user_id_c564eba6 ON public.django_admin_log USING btree (user_id);


--
-- Name: django_session_expire_date_a5c62663; Type: INDEX; Schema: public; Owner: sfproa
--

CREATE INDEX django_session_expire_date_a5c62663 ON public.django_session USING btree (expire_date);


--
-- Name: django_session_session_key_c0390e0f_like; Type: INDEX; Schema: public; Owner: sfproa
--

CREATE INDEX django_session_session_key_c0390e0f_like ON public.django_session USING btree (session_key varchar_pattern_ops);


--
-- Name: token_blacklist_outstandingtoken_jti_hex_d9bdf6f7_like; Type: INDEX; Schema: public; Owner: sfproa
--

CREATE INDEX token_blacklist_outstandingtoken_jti_hex_d9bdf6f7_like ON public.token_blacklist_outstandingtoken USING btree (jti varchar_pattern_ops);


--
-- Name: token_blacklist_outstandingtoken_user_id_83bc629a; Type: INDEX; Schema: public; Owner: sfproa
--

CREATE INDEX token_blacklist_outstandingtoken_user_id_83bc629a ON public.token_blacklist_outstandingtoken USING btree (user_id);


--
-- Name: auth_group_permissions auth_group_permissio_permission_id_84c5c92e_fk_auth_perm; Type: FK CONSTRAINT; Schema: public; Owner: sfproa
--

ALTER TABLE ONLY public.auth_group_permissions
    ADD CONSTRAINT auth_group_permissio_permission_id_84c5c92e_fk_auth_perm FOREIGN KEY (permission_id) REFERENCES public.auth_permission(id) DEFERRABLE INITIALLY DEFERRED;


--
-- Name: auth_group_permissions auth_group_permissions_group_id_b120cbf9_fk_auth_group_id; Type: FK CONSTRAINT; Schema: public; Owner: sfproa
--

ALTER TABLE ONLY public.auth_group_permissions
    ADD CONSTRAINT auth_group_permissions_group_id_b120cbf9_fk_auth_group_id FOREIGN KEY (group_id) REFERENCES public.auth_group(id) DEFERRABLE INITIALLY DEFERRED;


--
-- Name: auth_permission auth_permission_content_type_id_2f476e4b_fk_django_co; Type: FK CONSTRAINT; Schema: public; Owner: sfproa
--

ALTER TABLE ONLY public.auth_permission
    ADD CONSTRAINT auth_permission_content_type_id_2f476e4b_fk_django_co FOREIGN KEY (content_type_id) REFERENCES public.django_content_type(id) DEFERRABLE INITIALLY DEFERRED;


--
-- Name: authtoken_token authtoken_token_user_id_35299eff_fk_data_useraccount_id; Type: FK CONSTRAINT; Schema: public; Owner: sfproa
--

ALTER TABLE ONLY public.authtoken_token
    ADD CONSTRAINT authtoken_token_user_id_35299eff_fk_data_useraccount_id FOREIGN KEY (user_id) REFERENCES public.data_useraccount(id) DEFERRABLE INITIALLY DEFERRED;


--
-- Name: data_useraccount_groups data_useraccount_gro_useraccount_id_5071a3b3_fk_data_user; Type: FK CONSTRAINT; Schema: public; Owner: sfproa
--

ALTER TABLE ONLY public.data_useraccount_groups
    ADD CONSTRAINT data_useraccount_gro_useraccount_id_5071a3b3_fk_data_user FOREIGN KEY (useraccount_id) REFERENCES public.data_useraccount(id) DEFERRABLE INITIALLY DEFERRED;


--
-- Name: data_useraccount_groups data_useraccount_groups_group_id_575e563c_fk_auth_group_id; Type: FK CONSTRAINT; Schema: public; Owner: sfproa
--

ALTER TABLE ONLY public.data_useraccount_groups
    ADD CONSTRAINT data_useraccount_groups_group_id_575e563c_fk_auth_group_id FOREIGN KEY (group_id) REFERENCES public.auth_group(id) DEFERRABLE INITIALLY DEFERRED;


--
-- Name: data_useraccount_user_permissions data_useraccount_use_permission_id_e7f31ee9_fk_auth_perm; Type: FK CONSTRAINT; Schema: public; Owner: sfproa
--

ALTER TABLE ONLY public.data_useraccount_user_permissions
    ADD CONSTRAINT data_useraccount_use_permission_id_e7f31ee9_fk_auth_perm FOREIGN KEY (permission_id) REFERENCES public.auth_permission(id) DEFERRABLE INITIALLY DEFERRED;


--
-- Name: data_useraccount_user_permissions data_useraccount_use_useraccount_id_1a0d0ad3_fk_data_user; Type: FK CONSTRAINT; Schema: public; Owner: sfproa
--

ALTER TABLE ONLY public.data_useraccount_user_permissions
    ADD CONSTRAINT data_useraccount_use_useraccount_id_1a0d0ad3_fk_data_user FOREIGN KEY (useraccount_id) REFERENCES public.data_useraccount(id) DEFERRABLE INITIALLY DEFERRED;


--
-- Name: django_admin_log django_admin_log_content_type_id_c4bce8eb_fk_django_co; Type: FK CONSTRAINT; Schema: public; Owner: sfproa
--

ALTER TABLE ONLY public.django_admin_log
    ADD CONSTRAINT django_admin_log_content_type_id_c4bce8eb_fk_django_co FOREIGN KEY (content_type_id) REFERENCES public.django_content_type(id) DEFERRABLE INITIALLY DEFERRED;


--
-- Name: django_admin_log django_admin_log_user_id_c564eba6_fk_data_useraccount_id; Type: FK CONSTRAINT; Schema: public; Owner: sfproa
--

ALTER TABLE ONLY public.django_admin_log
    ADD CONSTRAINT django_admin_log_user_id_c564eba6_fk_data_useraccount_id FOREIGN KEY (user_id) REFERENCES public.data_useraccount(id) DEFERRABLE INITIALLY DEFERRED;


--
-- Name: token_blacklist_blacklistedtoken token_blacklist_blacklistedtoken_token_id_3cc7fe56_fk; Type: FK CONSTRAINT; Schema: public; Owner: sfproa
--

ALTER TABLE ONLY public.token_blacklist_blacklistedtoken
    ADD CONSTRAINT token_blacklist_blacklistedtoken_token_id_3cc7fe56_fk FOREIGN KEY (token_id) REFERENCES public.token_blacklist_outstandingtoken(id) DEFERRABLE INITIALLY DEFERRED;


--
-- Name: token_blacklist_outstandingtoken token_blacklist_outs_user_id_83bc629a_fk_data_user; Type: FK CONSTRAINT; Schema: public; Owner: sfproa
--

ALTER TABLE ONLY public.token_blacklist_outstandingtoken
    ADD CONSTRAINT token_blacklist_outs_user_id_83bc629a_fk_data_user FOREIGN KEY (user_id) REFERENCES public.data_useraccount(id) DEFERRABLE INITIALLY DEFERRED;


--
-- PostgreSQL database dump complete
--

